Entity,Code,Year,Median income or expenditure per day
Albania,ALB,1996,6.972102000014124
Albania,ALB,2002,6.688140745711086
Albania,ALB,2005,7.799790411053395
Albania,ALB,2008,8.400198792305364
Albania,ALB,2012,8.240384222499124
Albania,ALB,2014,8.295375308399455
Albania,ALB,2015,9.887382595951983
Albania,ALB,2016,10.282371297238775
Albania,ALB,2017,10.187668779844469
Albania,ALB,2018,11.639975304913122
Albania,ALB,2019,13.077384012683234
Algeria,DZA,1988,5.5539804818371605
Algeria,DZA,1995,5.752363724730849
Algeria,DZA,2011,8.043640163460235
Angola,AGO,2000,4.664529111022052
Angola,AGO,2008,4.69425473608008
Angola,AGO,2018,3.420550539240262
Argentina - urban,,1980,24.830716979514776
Argentina - urban,,1986,25.36731716476277
Argentina - urban,,1987,22.359614372325066
Argentina - urban,,1991,15.114628280244212
Argentina - urban,,1992,15.80751669156585
Argentina - urban,,1993,16.156161376506738
Argentina - urban,,1994,15.622387410666096
Argentina - urban,,1995,14.441226038607438
Argentina - urban,,1996,13.854637260783692
Argentina - urban,,1997,14.835679516083108
Argentina - urban,,1998,13.572866920092132
Argentina - urban,,1999,13.479604343421007
Argentina - urban,,2000,12.820308261508508
Argentina - urban,,2001,11.441447860801611
Argentina - urban,,2002,7.848625418884066
Argentina - urban,,2003,11.59164893501409
Argentina - urban,,2004,13.447348042848027
Argentina - urban,,2005,14.93226300685279
Argentina - urban,,2006,17.068175884369047
Argentina - urban,,2007,17.631635817268993
Argentina - urban,,2008,18.42694314272367
Argentina - urban,,2009,19.675026347127115
Argentina - urban,,2010,20.234128972463186
Argentina - urban,,2011,21.54129129788921
Argentina - urban,,2012,21.868210582372875
Argentina - urban,,2013,22.237562369794663
Argentina - urban,,2014,20.30464207724593
Argentina - urban,,2016,21.243942841267742
Argentina - urban,,2017,22.573417085390044
Argentina - urban,,2018,20.573062589914485
Argentina - urban,,2019,19.47541970261748
Argentina - urban,,2020,17.233385271585153
Armenia,ARM,1996,4.665959545989459
Armenia,ARM,1999,3.926315488912618
Armenia,ARM,2001,3.771701359309828
Armenia,ARM,2002,3.955772554077253
Armenia,ARM,2003,4.167549150612134
Armenia,ARM,2004,4.830016966579927
Armenia,ARM,2005,5.437999035889383
Armenia,ARM,2006,5.837728596835577
Armenia,ARM,2007,6.39747845555546
Armenia,ARM,2008,6.65931854871966
Armenia,ARM,2009,5.9569176632937975
Armenia,ARM,2010,5.9216742014322135
Armenia,ARM,2011,6.181768212400224
Armenia,ARM,2012,6.372939945211616
Armenia,ARM,2013,6.597412922211107
Armenia,ARM,2014,6.733072195842544
Armenia,ARM,2015,7.1080392507978125
Armenia,ARM,2016,7.711447342963354
Armenia,ARM,2017,6.969825454498391
Armenia,ARM,2018,6.935608494730016
Armenia,ARM,2019,6.705525559651797
Armenia,ARM,2020,6.62477927719205
Australia,AUS,1981,32.322157462866194
Australia,AUS,1985,32.708268586057855
Australia,AUS,1989,33.69312134190501
Australia,AUS,1995,31.01807715514413
Australia,AUS,2001,35.17693323538864
Australia,AUS,2003,36.377585848143056
Australia,AUS,2004,39.83003795776719
Australia,AUS,2008,48.24941729744309
Australia,AUS,2010,49.00158630078531
Australia,AUS,2014,52.27458059760108
Australia,AUS,2016,51.96803732356634
Australia,AUS,2018,53.05049471190803
Austria,AUT,1987,44.59732883195257
Austria,AUT,1994,44.805133723734336
Austria,AUT,1995,40.2799366520206
Austria,AUT,1997,43.78306509602604
Austria,AUT,2000,46.853650379779175
Austria,AUT,2003,47.833396578918446
Austria,AUT,2004,50.183905470858
Austria,AUT,2005,48.65476135902716
Austria,AUT,2006,48.87514809004716
Austria,AUT,2007,51.08062607103161
Austria,AUT,2008,52.83892654711431
Austria,AUT,2009,53.98243372446847
Austria,AUT,2010,54.96537046753257
Austria,AUT,2011,53.49292073331854
Austria,AUT,2012,52.69722965588581
Austria,AUT,2013,54.35909465568386
Austria,AUT,2014,54.46112077735855
Austria,AUT,2015,54.98420624818766
Austria,AUT,2016,56.99364304662665
Austria,AUT,2017,57.02805566470276
Austria,AUT,2018,56.41074031432241
Austria,AUT,2019,57.642870392477526
Azerbaijan,AZE,1995,4.312505548036037
Azerbaijan,AZE,2001,4.9036166283302505
Azerbaijan,AZE,2002,6.949713042712228
Azerbaijan,AZE,2003,7.245249244953039
Azerbaijan,AZE,2004,7.291438677260323
Azerbaijan,AZE,2005,8.059334218029896
Bangladesh,BGD,1983,2.4591391638066504
Bangladesh,BGD,1988,2.3593690409722026
Bangladesh,BGD,1991,2.353392591674282
Bangladesh,BGD,1995,2.590330923309897
Bangladesh,BGD,2000,2.6613781807446477
Bangladesh,BGD,2005,2.9603690961163376
Bangladesh,BGD,2010,3.244506227090753
Bangladesh,BGD,2016,3.5797248028048902
Belarus,BLR,1993,5.685074874644522
Belarus,BLR,1995,8.138276347039854
Belarus,BLR,1998,3.310329326516281
Belarus,BLR,1999,3.57440790623023
Belarus,BLR,2000,3.980319670089988
Belarus,BLR,2001,4.956195635785896
Belarus,BLR,2002,5.457107140763118
Belarus,BLR,2003,5.732066990793174
Belarus,BLR,2004,6.561495435065596
Belarus,BLR,2005,8.031094889560002
Belarus,BLR,2006,9.207118866904224
Belarus,BLR,2007,10.38571163446624
Belarus,BLR,2008,11.016583404063622
Belarus,BLR,2009,11.15871416804069
Belarus,BLR,2010,12.327235148224393
Belarus,BLR,2011,12.923372851786963
Belarus,BLR,2012,14.584607963399296
Belarus,BLR,2013,16.063588081657247
Belarus,BLR,2014,16.639469912579372
Belarus,BLR,2015,15.22969695527875
Belarus,BLR,2016,14.546709522111197
Belarus,BLR,2017,14.996150945064008
Belarus,BLR,2018,16.049614721045813
Belarus,BLR,2019,17.13432260969494
Belarus,BLR,2020,17.238051698314514
Belgium,BEL,1985,30.98666736290262
Belgium,BEL,1988,32.62707421775048
Belgium,BEL,1992,35.408349984220365
Belgium,BEL,1995,40.99494787221707
Belgium,BEL,1997,40.66936348900522
Belgium,BEL,2000,44.31565484669379
Belgium,BEL,2003,43.70565024857718
Belgium,BEL,2004,45.12359573032607
Belgium,BEL,2005,45.822900753870016
Belgium,BEL,2006,45.90988340330819
Belgium,BEL,2007,46.36853358427659
Belgium,BEL,2008,47.26873545696897
Belgium,BEL,2009,47.95933997648284
Belgium,BEL,2010,48.2065395881777
Belgium,BEL,2011,47.534985972594605
Belgium,BEL,2012,48.920853059360574
Belgium,BEL,2013,48.95173015866148
Belgium,BEL,2014,49.06410803091857
Belgium,BEL,2015,50.48832098521294
Belgium,BEL,2016,49.96689121419933
Belgium,BEL,2017,50.106458910638125
Belgium,BEL,2018,51.24657598824085
Belgium,BEL,2019,52.62846577714845
Belize,BLZ,1993,5.237852004118883
Belize,BLZ,1994,4.951916806097757
Belize,BLZ,1995,7.095922876578577
Belize,BLZ,1996,4.296149685646657
Belize,BLZ,1997,4.252540696380018
Belize,BLZ,1998,4.424365905614974
Belize,BLZ,1999,4.92206390602196
Benin,BEN,2003,2.062621812495239
Benin,BEN,2011,1.9899166164390767
Benin,BEN,2015,2.1238960331089145
Benin,BEN,2018,3.4831808485794347
Bhutan,BTN,2003,4.232975291714811
Bhutan,BTN,2007,5.508203038891115
Bhutan,BTN,2012,7.38061649908515
Bhutan,BTN,2017,8.255591450586751
Bolivia,BOL,1997,7.44084702469602
Bolivia,BOL,1999,6.843721296987126
Bolivia,BOL,2000,5.818574230764867
Bolivia,BOL,2001,6.562532752148867
Bolivia,BOL,2002,6.237376556277527
Bolivia,BOL,2004,7.457382614664546
Bolivia,BOL,2005,7.4574054053903716
Bolivia,BOL,2006,8.277174813692449
Bolivia,BOL,2007,8.706499741151301
Bolivia,BOL,2008,10.07259454361531
Bolivia,BOL,2009,11.384946267747416
Bolivia,BOL,2011,12.864442677011484
Bolivia,BOL,2012,13.301716009875
Bolivia,BOL,2013,14.286729861358378
Bolivia,BOL,2014,14.177978351318128
Bolivia,BOL,2015,13.981904148458046
Bolivia,BOL,2016,13.809403007560464
Bolivia,BOL,2017,14.065414109612036
Bolivia,BOL,2018,14.127089461858526
Bolivia,BOL,2019,14.692893705713796
Bolivia,BOL,2020,14.01876756463842
Bolivia - urban,,1990,7.975760023464066
Bolivia - urban,,1992,5.780853941737848
Bosnia and Herzegovina,BIH,2001,11.426370745115197
Bosnia and Herzegovina,BIH,2004,16.501048628589885
Bosnia and Herzegovina,BIH,2007,18.299321334602123
Bosnia and Herzegovina,BIH,2011,17.601190794979626
Botswana,BWA,1985,2.625700641774856
Botswana,BWA,1993,3.192211888306969
Botswana,BWA,2002,3.6787396416564793
Botswana,BWA,2009,5.157785293993276
Botswana,BWA,2015,4.8429549871051405
Brazil,BRA,1981,4.370306765663925
Brazil,BRA,1982,4.40116151975053
Brazil,BRA,1983,3.6131254715744463
Brazil,BRA,1984,3.637219024921402
Brazil,BRA,1985,4.141202080736897
Brazil,BRA,1986,6.943947237829407
Brazil,BRA,1987,5.298112226414157
Brazil,BRA,1988,4.966524622176657
Brazil,BRA,1989,5.346767371577302
Brazil,BRA,1990,4.608412363114296
Brazil,BRA,1992,4.63447493137226
Brazil,BRA,1993,4.763873578309226
Brazil,BRA,1995,6.327704712476892
Brazil,BRA,1996,6.424777881813487
Brazil,BRA,1997,6.354685625845712
Brazil,BRA,1998,6.590508644513768
Brazil,BRA,1999,6.335580419292522
Brazil,BRA,2001,7.211707248306712
Brazil,BRA,2002,7.305183511757213
Brazil,BRA,2003,7.1054822519579295
Brazil,BRA,2004,7.325270173272081
Brazil,BRA,2005,7.748780872710361
Brazil,BRA,2006,8.441198818154726
Brazil,BRA,2007,9.04437662162713
Brazil,BRA,2008,9.672677904366408
Brazil,BRA,2009,10.103860022469346
Brazil,BRA,2011,11.125908836830485
Brazil,BRA,2012,11.778716564079762
Brazil,BRA,2013,12.388895258959256
Brazil,BRA,2014,12.81630453786147
Brazil,BRA,2015,12.494715610213444
Brazil,BRA,2016,12.134782795693708
Brazil,BRA,2017,12.198940561650076
Brazil,BRA,2018,12.48815577386318
Brazil,BRA,2019,12.88768786545966
Brazil,BRA,2020,13.48848572411751
Bulgaria,BGR,1989,23.04520424539552
Bulgaria,BGR,1992,18.320359847724905
Bulgaria,BGR,1994,13.201482978074626
Bulgaria,BGR,1995,11.080447409483163
Bulgaria,BGR,1997,6.579199015563521
Bulgaria,BGR,2001,9.20457566467716
Bulgaria,BGR,2003,8.647655277888566
Bulgaria,BGR,2006,9.502100674982255
Bulgaria,BGR,2007,11.943628822631425
Bulgaria,BGR,2008,14.656128544022671
Bulgaria,BGR,2009,15.459045827865015
Bulgaria,BGR,2010,14.574065905823485
Bulgaria,BGR,2011,13.78207970348791
Bulgaria,BGR,2012,14.05060316481042
Bulgaria,BGR,2013,15.684114402633002
Bulgaria,BGR,2014,16.277571251747126
Bulgaria,BGR,2015,15.466485101086176
Bulgaria,BGR,2016,17.69778827296878
Bulgaria,BGR,2017,17.449933211007593
Bulgaria,BGR,2018,19.61490045856498
Bulgaria,BGR,2019,20.86229132967058
Burkina Faso,BFA,1994,0.9570868958420272
Burkina Faso,BFA,1998,1.163497750543812
Burkina Faso,BFA,2003,1.892625449164456
Burkina Faso,BFA,2009,2.053224550195097
Burkina Faso,BFA,2014,2.4483567370040955
Burkina Faso,BFA,2018,2.997006060009116
Burundi,BDI,1992,1.4647766182894009
Burundi,BDI,1998,1.2539656478825054
Burundi,BDI,2006,1.5327443378294807
Burundi,BDI,2013,1.700756490240501
Cameroon,CMR,1996,2.113311354456019
Cameroon,CMR,2001,3.3054842998359897
Cameroon,CMR,2007,3.054402000510657
Cameroon,CMR,2014,3.88915497416962
Canada,CAN,1971,26.170103419577355
Canada,CAN,1975,33.952365446603615
Canada,CAN,1981,38.582974009834544
Canada,CAN,1987,39.970827381234365
Canada,CAN,1991,40.32178621854028
Canada,CAN,1994,41.354212519703815
Canada,CAN,1997,41.81239200119925
Canada,CAN,1998,42.00487035850988
Canada,CAN,2000,42.65126895500643
Canada,CAN,2004,45.59900547944452
Canada,CAN,2007,49.39321847307615
Canada,CAN,2010,50.962987997734906
Canada,CAN,2012,52.57173908992184
Canada,CAN,2013,53.529932815889815
Canada,CAN,2014,53.80452466947117
Canada,CAN,2015,53.67828993433534
Canada,CAN,2016,53.84606249898409
Canada,CAN,2017,55.42223854749015
Cape Verde,CPV,2001,4.275831348557658
Cape Verde,CPV,2007,5.33119771099243
Cape Verde,CPV,2015,6.727809314649393
Central African Republic,CAF,1992,0.6900480534586738
Central African Republic,CAF,2008,1.675035014869966
Chad,TCD,2003,1.846119559780442
Chad,TCD,2011,2.8371365256629137
Chad,TCD,2018,2.879394802926431
Chile,CHL,1987,5.118263988356335
Chile,CHL,1990,5.951518899423509
Chile,CHL,1992,6.730909675566204
Chile,CHL,1994,7.308571299577268
Chile,CHL,1996,8.186566788137261
Chile,CHL,1998,8.689635182494948
Chile,CHL,2000,8.158404524329809
Chile,CHL,2003,8.312335138343254
Chile,CHL,2006,9.976727795722075
Chile,CHL,2009,10.718545068281031
Chile,CHL,2011,11.634542434091545
Chile,CHL,2013,14.095659918558562
Chile,CHL,2015,15.184599609563984
Chile,CHL,2017,16.91982903598921
Chile,CHL,2020,17.012725014567607
China,CHN,1981,1.02
China,CHN,1984,1.4
China,CHN,1987,1.69
China,CHN,1990,1.55
China,CHN,1993,1.7
China,CHN,1996,2.21
China,CHN,1999,2.31
China,CHN,2002,2.81
China,CHN,2005,3.72
China,CHN,2008,4.52
China,CHN,2010,5.24
China,CHN,2011,5.73
China,CHN,2012,6.31
China,CHN,2013,7.22
China,CHN,2014,7.89
China,CHN,2015,8.5
China,CHN,2016,9.06
China,CHN,2017,9.48
China,CHN,2018,10.16
China,CHN,2019,10.72
China - rural,,1981,0.909884300192388
China - rural,,1984,1.233807416615068
China - rural,,1987,1.4724813783113722
China - rural,,1990,1.350880092438291
China - rural,,1993,1.4328240501215967
China - rural,,1996,1.8251175540053923
China - rural,,1999,1.7890444931737266
China - rural,,2002,1.995874773879735
China - rural,,2005,2.671059396825284
China - rural,,2008,2.919771560467604
China - rural,,2010,3.2372171746089435
China - rural,,2011,3.65597302663109
China - rural,,2012,3.9753418303607897
China - rural,,2013,5.20062001836025
China - rural,,2014,5.7327073920186224
China - rural,,2015,6.200845775527497
China - rural,,2016,6.597959783404061
China - rural,,2017,6.9252713696190416
China - rural,,2018,7.598170078762813
China - rural,,2019,8.099338725134285
China - urban,,1981,1.8086012653642864
China - urban,,1984,2.069382691006822
China - urban,,1987,2.4928977100716114
China - urban,,1990,2.4200401129091214
China - urban,,1993,2.913294627914582
China - urban,,1996,3.372191202947555
China - urban,,1999,3.844238046880317
China - urban,,2002,4.8659833979420615
China - urban,,2005,5.957589236940879
China - urban,,2008,7.201364987152896
China - urban,,2010,8.230178366723914
China - urban,,2011,8.672950675681701
China - urban,,2012,9.346662488126618
China - urban,,2013,10.01037831455183
China - urban,,2014,10.71304667632052
China - urban,,2015,11.298799698218948
China - urban,,2016,11.90049237823566
China - urban,,2017,12.260373866553
China - urban,,2018,12.8477203866517
China - urban,,2019,13.339494066699462
Colombia,COL,1992,6.281630233377149
Colombia,COL,1996,5.286114011436016
Colombia,COL,1999,4.868693153899783
Colombia,COL,2000,5.349314315917424
Colombia,COL,2001,4.587011120401836
Colombia,COL,2002,5.703982070527809
Colombia,COL,2003,5.775540383310648
Colombia,COL,2004,5.789540640248808
Colombia,COL,2005,6.33556129195982
Colombia,COL,2008,7.121772795007692
Colombia,COL,2009,7.295480125840508
Colombia,COL,2010,7.759444623659868
Colombia,COL,2011,8.25944665857499
Colombia,COL,2012,8.625458199690257
Colombia,COL,2013,9.095251683264136
Colombia,COL,2014,9.523048949005352
Colombia,COL,2015,9.650993839828107
Colombia,COL,2016,9.62238083285846
Colombia,COL,2017,9.68704761049514
Colombia,COL,2018,9.71506769506888
Colombia,COL,2019,9.614681210966095
Colombia,COL,2020,7.795909758705088
Colombia - urban,,1980,5.18975081912391
Colombia - urban,,1988,6.210311491535204
Colombia - urban,,1989,6.031770398998909
Colombia - urban,,1991,6.519025328484738
Comoros,COM,2004,4.651558135899182
Comoros,COM,2014,4.389313057682775
Congo,COG,2005,2.1637060117456146
Congo,COG,2011,2.980379890441872
Costa Rica,CRI,1981,4.170287418987209
Costa Rica,CRI,1986,5.54410782387564
Costa Rica,CRI,1989,7.23371673262753
Costa Rica,CRI,1990,7.395939824755009
Costa Rica,CRI,1991,6.691405129274597
Costa Rica,CRI,1992,7.060875512766138
Costa Rica,CRI,1993,8.13167507537831
Costa Rica,CRI,1994,9.054862332226373
Costa Rica,CRI,1995,8.79993113877092
Costa Rica,CRI,1996,8.207078257522081
Costa Rica,CRI,1997,8.786830448562382
Costa Rica,CRI,1998,9.67579933731753
Costa Rica,CRI,1999,9.177522134892802
Costa Rica,CRI,2000,9.173734285984668
Costa Rica,CRI,2001,11.283707754512944
Costa Rica,CRI,2002,11.292332353306174
Costa Rica,CRI,2003,11.772515200046804
Costa Rica,CRI,2004,11.17263757483965
Costa Rica,CRI,2005,11.685542571002166
Costa Rica,CRI,2006,11.729438864197531
Costa Rica,CRI,2007,12.942211959066864
Costa Rica,CRI,2008,13.198342398731626
Costa Rica,CRI,2009,14.01305707026966
Costa Rica,CRI,2010,14.853401676511572
Costa Rica,CRI,2011,15.325219513915588
Costa Rica,CRI,2012,15.84780515101522
Costa Rica,CRI,2013,15.747395202754175
Costa Rica,CRI,2014,15.833556139447024
Costa Rica,CRI,2015,15.757310584022402
Costa Rica,CRI,2016,16.40797725478256
Costa Rica,CRI,2017,16.567548678896618
Costa Rica,CRI,2018,16.59683638083383
Costa Rica,CRI,2019,16.231756476110622
Costa Rica,CRI,2020,13.91615973495352
Cote d'Ivoire,CIV,1985,6.121228121476799
Cote d'Ivoire,CIV,1986,5.607852493606827
Cote d'Ivoire,CIV,1987,4.994183687613263
Cote d'Ivoire,CIV,1988,4.098196206702893
Cote d'Ivoire,CIV,1992,3.286473993373868
Cote d'Ivoire,CIV,1995,3.3099321002164035
Cote d'Ivoire,CIV,1998,2.913757876280592
Cote d'Ivoire,CIV,2002,2.9438326895241045
Cote d'Ivoire,CIV,2008,2.8471423679982983
Cote d'Ivoire,CIV,2015,2.8561693477986565
Cote d'Ivoire,CIV,2018,4.352708245808271
Croatia,HRV,1998,33.80634751920281
Croatia,HRV,1999,17.21508169831189
Croatia,HRV,2000,18.52124494225469
Croatia,HRV,2001,17.588362384806338
Croatia,HRV,2004,27.84507745693606
Croatia,HRV,2008,25.92249607442453
Croatia,HRV,2009,25.762231975796546
Croatia,HRV,2010,23.48425089764757
Croatia,HRV,2011,18.969695563565885
Croatia,HRV,2012,17.751775774110822
Croatia,HRV,2013,17.849712174805546
Croatia,HRV,2014,18.7906593463062
Croatia,HRV,2015,20.07586390427977
Croatia,HRV,2016,21.651611282987943
Croatia,HRV,2017,22.925235756819987
Croatia,HRV,2018,24.30586623591184
Croatia,HRV,2019,26.120905848217014
Cyprus,CYP,2004,38.08545074791863
Cyprus,CYP,2005,40.33505621514252
Cyprus,CYP,2006,43.80927068955485
Cyprus,CYP,2007,44.05051559865077
Cyprus,CYP,2008,43.41868016538777
Cyprus,CYP,2009,42.41862730692471
Cyprus,CYP,2010,43.29750120656923
Cyprus,CYP,2011,42.249026429071705
Cyprus,CYP,2012,39.07878863330416
Cyprus,CYP,2013,35.86817820452863
Cyprus,CYP,2014,34.830708151718326
Cyprus,CYP,2015,36.2928995470631
Cyprus,CYP,2016,37.75758592547763
Cyprus,CYP,2017,39.63605629616346
Cyprus,CYP,2018,41.38229272769916
Cyprus,CYP,2019,43.20332673769164
Czechia,CZE,1992,16.963172263439542
Czechia,CZE,1993,16.980194626813613
Czechia,CZE,1996,20.04209759737533
Czechia,CZE,2002,22.192400873171444
Czechia,CZE,2004,23.692727912959
Czechia,CZE,2005,24.507226241297
Czechia,CZE,2006,25.76499319087285
Czechia,CZE,2007,27.0317598523255
Czechia,CZE,2008,27.595869087143207
Czechia,CZE,2009,28.180856805350423
Czechia,CZE,2010,28.19305016302969
Czechia,CZE,2011,28.464462742824537
Czechia,CZE,2012,27.92027061993612
Czechia,CZE,2013,27.942101070768384
Czechia,CZE,2014,28.48215950310584
Czechia,CZE,2015,29.770559845074036
Czechia,CZE,2016,30.65886493819429
Czechia,CZE,2017,31.66929595575608
Czechia,CZE,2018,32.99312675844096
Czechia,CZE,2019,34.56492908256848
Democratic Republic of Congo,COD,2004,0.7138503025443317
Democratic Republic of Congo,COD,2012,1.4633305291943235
Denmark,DNK,1987,43.281544554770896
Denmark,DNK,1992,43.36647260124873
Denmark,DNK,1995,44.87898397731295
Denmark,DNK,2000,47.602969401145465
Denmark,DNK,2003,45.95985280790446
Denmark,DNK,2004,47.1308609069888
Denmark,DNK,2005,47.27486802830371
Denmark,DNK,2006,48.17938271363426
Denmark,DNK,2007,48.95977527009795
Denmark,DNK,2008,49.23779936126755
Denmark,DNK,2009,49.86184080835488
Denmark,DNK,2010,51.4585607619747
Denmark,DNK,2011,50.25357488320228
Denmark,DNK,2012,49.75930408305653
Denmark,DNK,2013,50.61714992878464
Denmark,DNK,2014,51.01244310443739
Denmark,DNK,2015,51.13212343733726
Denmark,DNK,2016,52.6120353222777
Denmark,DNK,2017,53.348491521079545
Denmark,DNK,2018,54.51018576771999
Denmark,DNK,2019,54.08009925133411
Djibouti,DJI,2002,3.546277598735287
Djibouti,DJI,2012,4.160636261852207
Djibouti,DJI,2013,3.7488815391052506
Djibouti,DJI,2017,4.085132446803961
Dominican Republic,DOM,1986,9.039928731531877
Dominican Republic,DOM,1989,4.877952788411905
Dominican Republic,DOM,1992,6.516105568438767
Dominican Republic,DOM,1996,7.946931665960722
Dominican Republic,DOM,1997,8.57696113353825
Dominican Republic,DOM,2000,8.467488580818467
Dominican Republic,DOM,2001,8.373159363762301
Dominican Republic,DOM,2002,8.3141032244406
Dominican Republic,DOM,2003,6.934569171173129
Dominican Republic,DOM,2004,5.884578889691953
Dominican Republic,DOM,2005,7.087676155080874
Dominican Republic,DOM,2006,7.735560631775648
Dominican Republic,DOM,2007,7.604998010807437
Dominican Republic,DOM,2008,7.388306383548815
Dominican Republic,DOM,2009,7.871095617323042
Dominican Republic,DOM,2010,8.029945833292432
Dominican Republic,DOM,2011,8.150972414003617
Dominican Republic,DOM,2012,8.05304761282138
Dominican Republic,DOM,2013,8.262237905916713
Dominican Republic,DOM,2014,9.152832321751262
Dominican Republic,DOM,2015,9.981742407968376
Dominican Republic,DOM,2016,10.685526293932808
Dominican Republic,DOM,2017,10.52660434652211
Dominican Republic,DOM,2018,11.221108765098204
Dominican Republic,DOM,2019,11.802383317454524
Dominican Republic,DOM,2020,10.631393207299888
East Asia and Pacific,,1990,1.67
East Asia and Pacific,,1991,1.7
East Asia and Pacific,,1992,1.79
East Asia and Pacific,,1993,1.87
East Asia and Pacific,,1994,1.98
East Asia and Pacific,,1995,2.15
East Asia and Pacific,,1996,2.31
East Asia and Pacific,,1997,2.33
East Asia and Pacific,,1998,2.3
East Asia and Pacific,,1999,2.43
East Asia and Pacific,,2000,2.58
East Asia and Pacific,,2001,2.7
East Asia and Pacific,,2002,2.94
East Asia and Pacific,,2003,3.13
East Asia and Pacific,,2004,3.36
East Asia and Pacific,,2005,3.69
East Asia and Pacific,,2006,3.83
East Asia and Pacific,,2007,4.15
East Asia and Pacific,,2008,4.35
East Asia and Pacific,,2009,4.62
East Asia and Pacific,,2010,5.12
East Asia and Pacific,,2011,5.54
East Asia and Pacific,,2012,5.98
East Asia and Pacific,,2013,6.7
East Asia and Pacific,,2014,7.2
East Asia and Pacific,,2015,7.71
East Asia and Pacific,,2016,8.21
East Asia and Pacific,,2017,8.57
East Asia and Pacific,,2018,9.11
East Asia and Pacific,,2019,9.57
Ecuador,ECU,1994,4.972731822432523
Ecuador,ECU,1999,4.497147859413019
Ecuador,ECU,2000,3.623868258481025
Ecuador,ECU,2003,5.706035476761265
Ecuador,ECU,2004,5.604105801197624
Ecuador,ECU,2005,6.748228400885687
Ecuador,ECU,2006,7.506094925690459
Ecuador,ECU,2007,7.640721991240419
Ecuador,ECU,2008,8.004316546489045
Ecuador,ECU,2009,7.8690650648032445
Ecuador,ECU,2010,8.657101915913206
Ecuador,ECU,2011,9.539067125518304
Ecuador,ECU,2012,10.31406489633905
Ecuador,ECU,2013,10.239714097938924
Ecuador,ECU,2014,10.77040079861479
Ecuador,ECU,2015,10.667512532858243
Ecuador,ECU,2016,10.725598989476472
Ecuador,ECU,2017,11.17466479771466
Ecuador,ECU,2018,10.939678761305029
Ecuador,ECU,2019,10.678475495903408
Ecuador,ECU,2020,9.16335099931474
Ecuador - urban,,1987,5.546034483500008
Ecuador - urban,,1995,5.107888614484785
Ecuador - urban,,1998,4.697989869429123
Egypt,EGY,1990,4.493430581693632
Egypt,EGY,1995,4.384439861214329
Egypt,EGY,1999,5.251187002191602
Egypt,EGY,2004,4.691417035226309
Egypt,EGY,2008,4.773143780614628
Egypt,EGY,2010,5.34140645630167
Egypt,EGY,2012,5.587040132738818
Egypt,EGY,2015,5.8058734032277455
Egypt,EGY,2017,5.065630745902386
El Salvador,SLV,1989,5.71
El Salvador,SLV,1991,4.718075503163338
El Salvador,SLV,1995,5.837604342582344
El Salvador,SLV,1996,5.663347282416376
El Salvador,SLV,1998,5.643103568777263
El Salvador,SLV,1999,5.95174163581743
El Salvador,SLV,2000,6.711727312536531
El Salvador,SLV,2001,6.44190245897699
El Salvador,SLV,2002,6.446984740368634
El Salvador,SLV,2003,6.309292634342043
El Salvador,SLV,2004,6.5228384052756905
El Salvador,SLV,2005,6.592280228988657
El Salvador,SLV,2006,6.79431397414824
El Salvador,SLV,2007,7.201734230468441
El Salvador,SLV,2008,6.715646865735166
El Salvador,SLV,2009,6.800108909630083
El Salvador,SLV,2010,6.970638568834666
El Salvador,SLV,2011,6.854188732148098
El Salvador,SLV,2012,7.205081451253149
El Salvador,SLV,2013,7.764701807219612
El Salvador,SLV,2014,7.733602972634686
El Salvador,SLV,2015,8.078950673733273
El Salvador,SLV,2016,8.388868491058727
El Salvador,SLV,2017,8.63077494066364
El Salvador,SLV,2018,9.232856361049848
El Salvador,SLV,2019,9.886845388702552
Estonia,EST,1993,9.384344173124855
Estonia,EST,1995,8.905836189012401
Estonia,EST,1998,10.037866281758852
Estonia,EST,2000,9.667548921310878
Estonia,EST,2001,9.22237595583766
Estonia,EST,2002,9.48791174653628
Estonia,EST,2003,9.89331091848116
Estonia,EST,2004,11.419976337037388
Estonia,EST,2005,15.919820579897896
Estonia,EST,2006,18.66036032193739
Estonia,EST,2007,21.596105066305483
Estonia,EST,2008,22.17642534272116
Estonia,EST,2009,21.165781701371827
Estonia,EST,2010,20.074386122844626
Estonia,EST,2011,20.18946453796366
Estonia,EST,2012,21.24281900593802
Estonia,EST,2013,22.3266562926326
Estonia,EST,2014,24.375458283721763
Estonia,EST,2015,26.660093114250703
Estonia,EST,2016,29.06865943855618
Estonia,EST,2017,31.21281943548759
Estonia,EST,2018,33.23823388515367
Estonia,EST,2019,34.64502432952198
Eswatini,SWZ,1994,0.7474132071425698
Eswatini,SWZ,2000,1.913407813632454
Eswatini,SWZ,2009,2.1832269105682256
Eswatini,SWZ,2016,2.953730301342747
Ethiopia,ETH,1995,1.6892357191991243
Ethiopia,ETH,1999,2.0848615666354804
Ethiopia,ETH,2004,2.649282923968445
Ethiopia,ETH,2010,2.7443139245385244
Ethiopia,ETH,2015,3.0617357813219863
Ethiopia - rural,,1981,1.7564560135699638
Europe and Central Asia,,1990,10.76
Europe and Central Asia,,1991,9.96
Europe and Central Asia,,1992,8.84
Europe and Central Asia,,1993,7.72
Europe and Central Asia,,1994,7.08
Europe and Central Asia,,1995,7.96
Europe and Central Asia,,1996,7.38
Europe and Central Asia,,1997,7.72
Europe and Central Asia,,1998,7.65
Europe and Central Asia,,1999,6.54
Europe and Central Asia,,2000,7.09
Europe and Central Asia,,2001,7.47
Europe and Central Asia,,2002,7.91
Europe and Central Asia,,2003,8.15
Europe and Central Asia,,2004,8.97
Europe and Central Asia,,2005,9.59
Europe and Central Asia,,2006,10.4
Europe and Central Asia,,2007,11.26
Europe and Central Asia,,2008,12.46
Europe and Central Asia,,2009,12.28
Europe and Central Asia,,2010,12.76
Europe and Central Asia,,2011,13.16
Europe and Central Asia,,2012,13.46
Europe and Central Asia,,2013,13.86
Europe and Central Asia,,2014,14.08
Europe and Central Asia,,2015,13.72
Europe and Central Asia,,2016,13.82
Europe and Central Asia,,2017,14.4
Europe and Central Asia,,2018,14.62
Europe and Central Asia,,2019,15.32
Fiji,FJI,2002,7.440474179859875
Fiji,FJI,2008,7.815553317637748
Fiji,FJI,2013,8.090504282324954
Fiji,FJI,2019,6.643386944131276
Finland,FIN,1987,32.77302090959461
Finland,FIN,1991,36.435242479320685
Finland,FIN,1995,33.169248104813654
Finland,FIN,2000,37.50219883516577
Finland,FIN,2003,39.57742438566445
Finland,FIN,2004,40.98361765146243
Finland,FIN,2005,42.76982301840976
Finland,FIN,2006,43.454364189242135
Finland,FIN,2007,44.85182291294369
Finland,FIN,2008,45.46987041058328
Finland,FIN,2009,46.9556912003084
Finland,FIN,2010,47.399936123863895
Finland,FIN,2011,47.498125336559696
Finland,FIN,2012,47.9834456081758
Finland,FIN,2013,47.89648864436464
Finland,FIN,2014,47.833167232147126
Finland,FIN,2015,48.04636769396435
Finland,FIN,2016,48.60022749281696
Finland,FIN,2017,49.61621442010763
Finland,FIN,2018,50.38813982500804
Finland,FIN,2019,51.262199193313535
France,FRA,1978,30.58767387420267
France,FRA,1984,30.626913228170384
France,FRA,1989,32.537467016857455
France,FRA,1994,36.98633178136856
France,FRA,2000,37.69872213079963
France,FRA,2003,39.631975757481214
France,FRA,2004,40.65196545521972
France,FRA,2005,40.45695909924663
France,FRA,2006,40.22968568797816
France,FRA,2007,46.39058075776421
France,FRA,2008,46.97075230618047
France,FRA,2009,48.21781488474144
France,FRA,2010,47.339089338059296
France,FRA,2011,47.5983777779585
France,FRA,2012,47.5136574830766
France,FRA,2013,47.40440422673155
France,FRA,2014,48.54308814467258
France,FRA,2015,49.09752442897927
France,FRA,2016,49.763168817360935
France,FRA,2017,49.4416639561787
France,FRA,2018,49.58975760767448
Gabon,GAB,2005,6.231927256693998
Gabon,GAB,2017,9.673192230911791
Gambia,GMB,1998,1.236968566640382
Gambia,GMB,2003,2.124483462254506
Gambia,GMB,2010,3.1114526244368146
Gambia,GMB,2015,3.9523871627254046
Georgia,GEO,1996,6.636942152406819
Georgia,GEO,1997,4.327405090425428
Georgia,GEO,1998,4.434312415959371
Georgia,GEO,1999,3.849243821804535
Georgia,GEO,2000,3.677442094587812
Georgia,GEO,2001,3.5107538962695544
Georgia,GEO,2002,4.640864643482815
Georgia,GEO,2003,4.671955396484758
Georgia,GEO,2004,4.888484553163996
Georgia,GEO,2005,4.720846336327812
Georgia,GEO,2006,4.623188671894975
Georgia,GEO,2007,4.477867730205715
Georgia,GEO,2008,4.826689952019866
Georgia,GEO,2009,4.766190256154561
Georgia,GEO,2010,4.718826839107157
Georgia,GEO,2011,4.870390698556677
Georgia,GEO,2012,5.297252905917422
Georgia,GEO,2013,5.731477323708365
Georgia,GEO,2014,6.118881296224297
Georgia,GEO,2015,6.182295177770666
Georgia,GEO,2016,6.239344392453175
Georgia,GEO,2017,6.393578571480503
Georgia,GEO,2018,6.4370060544623255
Georgia,GEO,2019,6.4294427760521184
Georgia,GEO,2020,6.031012268358351
Germany,DEU,1991,43.7581943779856
Germany,DEU,1992,44.69683564317108
Germany,DEU,1993,44.732355134022335
Germany,DEU,1994,44.69273505579053
Germany,DEU,1995,44.95877370872995
Germany,DEU,1996,45.48674551177002
Germany,DEU,1997,44.99520427112952
Germany,DEU,1998,46.05986929745703
Germany,DEU,1999,47.09822119620191
Germany,DEU,2000,47.99354552512374
Germany,DEU,2001,47.103156954366064
Germany,DEU,2002,47.92047345418402
Germany,DEU,2003,47.779808710274175
Germany,DEU,2004,47.98332534257866
Germany,DEU,2005,47.45455757720292
Germany,DEU,2006,48.0859467822436
Germany,DEU,2007,48.510043917205145
Germany,DEU,2008,48.4709252354148
Germany,DEU,2009,49.22159725660104
Germany,DEU,2010,49.724782832455006
Germany,DEU,2011,49.432522138543135
Germany,DEU,2012,49.32867243095156
Germany,DEU,2013,49.8952476641544
Germany,DEU,2014,49.980107670383866
Germany,DEU,2015,51.58203191696691
Germany,DEU,2016,53.04346906661535
Germany,DEU,2017,53.48807842480056
Germany,DEU,2018,54.82459034470116
Ghana,GHA,1987,1.6471175550712684
Ghana,GHA,1988,1.6634780852652111
Ghana,GHA,1991,1.474996622816571
Ghana,GHA,1998,1.8991580947006368
Ghana,GHA,2005,2.4731852830770045
Ghana,GHA,2012,3.521829514147758
Ghana,GHA,2016,3.732786847652494
Greece,GRC,1995,23.154716846724
Greece,GRC,2000,26.624100106637787
Greece,GRC,2003,31.055800547631907
Greece,GRC,2004,32.26921488618613
Greece,GRC,2005,32.11408915750586
Greece,GRC,2006,32.51205280388109
Greece,GRC,2007,34.0216349971673
Greece,GRC,2008,34.42966957771819
Greece,GRC,2009,35.20678521939827
Greece,GRC,2010,30.5983981358296
Greece,GRC,2011,25.85024227918725
Greece,GRC,2012,22.158978495422776
Greece,GRC,2013,20.860467128649407
Greece,GRC,2014,20.84520602217868
Greece,GRC,2015,21.114286516270685
Greece,GRC,2016,21.67586224963878
Greece,GRC,2017,22.08974774778962
Greece,GRC,2018,22.959244658903877
Greece,GRC,2019,24.612954254674296
Guatemala,GTM,1986,2.166376786741914
Guatemala,GTM,1989,3.1486556134758463
Guatemala,GTM,1998,6.07
Guatemala,GTM,2000,6.862232579960852
Guatemala,GTM,2006,7.086734547700448
Guatemala,GTM,2014,6.169566920795944
Guinea,GIN,1991,0.7622388605407445
Guinea,GIN,1994,2.5971906795087474
Guinea,GIN,2002,2.018462173401866
Guinea,GIN,2007,2.2241807151523107
Guinea,GIN,2012,3.139889392535524
Guinea,GIN,2018,3.8038311277017702
Guinea-Bissau,GNB,1993,2.551509711899913
Guinea-Bissau,GNB,2002,2.037099717007695
Guinea-Bissau,GNB,2010,1.581520822638396
Guinea-Bissau,GNB,2018,3.313596180885551
Guyana,GUY,1992,3.28
Guyana,GUY,1998,6.042705162050297
Haiti,HTI,2001,1.363829012600304
Haiti,HTI,2012,3.1988564458047257
High income countries,,1990,34.9
High income countries,,1991,35.3
High income countries,,1992,35.6
High income countries,,1993,35.45
High income countries,,1994,36.15
High income countries,,1995,36.8
High income countries,,1996,37.45
High income countries,,1997,38
High income countries,,1998,38.7
High income countries,,1999,39.65
High income countries,,2000,40.55
High income countries,,2001,41.2
High income countries,,2002,41.7
High income countries,,2003,42
High income countries,,2004,42.5
High income countries,,2005,42.95
High income countries,,2006,43.6
High income countries,,2007,45.1
High income countries,,2008,44.65
High income countries,,2009,45.25
High income countries,,2010,45.4
High income countries,,2011,45
High income countries,,2012,44.9
High income countries,,2013,45.15
High income countries,,2014,45.2
High income countries,,2015,46.15
High income countries,,2016,47.35
High income countries,,2017,47.9
High income countries,,2018,49.1
High income countries,,2019,50.4
Honduras,HND,1989,2.807616947210273
Honduras,HND,1990,2.6529806223266457
Honduras,HND,1991,3.346990838307048
Honduras,HND,1992,3.6398324421668313
Honduras,HND,1993,4.260260759123359
Honduras,HND,1994,4.190106583377735
Honduras,HND,1995,4.022334989173841
Honduras,HND,1996,3.7753675038448495
Honduras,HND,1997,4.891481762956847
Honduras,HND,1998,4.791287701666001
Honduras,HND,1999,4.522653256447848
Honduras,HND,2001,5.8839741222622575
Honduras,HND,2002,5.017736720411764
Honduras,HND,2003,4.41422311383906
Honduras,HND,2004,4.568372230816425
Honduras,HND,2005,4.888458425442328
Honduras,HND,2006,5.707771218374229
Honduras,HND,2007,6.164232774994112
Honduras,HND,2008,6.632153009150755
Honduras,HND,2009,7.132193340121009
Honduras,HND,2010,6.622418927584323
Honduras,HND,2011,6.632304303722106
Honduras,HND,2012,5.798679662471654
Honduras,HND,2013,6.192532220025742
Honduras,HND,2014,6.349107077256607
Honduras,HND,2015,6.377022610303263
Honduras,HND,2016,6.773335527328643
Honduras,HND,2017,6.6780942264022105
Honduras,HND,2018,6.685337666622383
Honduras,HND,2019,6.927711695259587
Honduras - urban,,1986,2.1823091651816027
Hungary,HUN,1987,19.84636042438747
Hungary,HUN,1989,9.038186142442797
Hungary,HUN,1991,16.768405110622343
Hungary,HUN,1993,13.503903938834744
Hungary,HUN,1994,14.515338827904673
Hungary,HUN,1998,11.234746179181885
Hungary,HUN,1999,11.03751745961397
Hungary,HUN,2000,11.356824626143036
Hungary,HUN,2001,13.074104431798643
Hungary,HUN,2002,13.367284837260865
Hungary,HUN,2003,14.406949546535122
Hungary,HUN,2004,15.107732448297233
Hungary,HUN,2005,15.349484329907291
Hungary,HUN,2006,15.335516398842486
Hungary,HUN,2007,15.206009222574306
Hungary,HUN,2008,18.339063470273068
Hungary,HUN,2009,17.701608982277897
Hungary,HUN,2010,17.870679169606404
Hungary,HUN,2011,18.2378093560632
Hungary,HUN,2012,17.02980489115731
Hungary,HUN,2013,17.361833945598296
Hungary,HUN,2014,18.448183062859403
Hungary,HUN,2015,19.396135592623448
Hungary,HUN,2016,20.26492060352715
Hungary,HUN,2017,21.579444790559503
Hungary,HUN,2018,23.00955034027098
Hungary,HUN,2019,24.764103387488092
Iceland,ISL,2003,41.73692051052007
Iceland,ISL,2004,41.55997531453041
Iceland,ISL,2005,43.30008696319818
Iceland,ISL,2006,48.35021013645003
Iceland,ISL,2007,51.66256557063376
Iceland,ISL,2008,52.55679773927356
Iceland,ISL,2009,46.47935664141317
Iceland,ISL,2010,42.81078744505255
Iceland,ISL,2011,42.87899475398458
Iceland,ISL,2012,43.251917781236166
Iceland,ISL,2013,44.56499247014006
Iceland,ISL,2014,46.09072680695887
Iceland,ISL,2015,49.46075425904723
Iceland,ISL,2016,53.00755901875684
Iceland,ISL,2017,56.52166584790352
India,IND,1977,1.81
India,IND,1983,1.99
India,IND,1987,2.13
India,IND,1993,2.21
India,IND,2004,2.43
India,IND,2009,2.66
India,IND,2011,3.08
India,IND,2015,3.19
India,IND,2016,3.23
India,IND,2017,3.46
India,IND,2018,3.8
India,IND,2019,3.89
India - rural,,1977,1.6977807581029811
India - rural,,1983,1.857794384575021
India - rural,,1987,2.020716834101381
India - rural,,1993,2.069596649788381
India - rural,,2004,2.265000113495166
India - rural,,2009,2.4546464511046526
India - rural,,2011,2.827410472787846
India - rural,,2015,2.9953083464132506
India - rural,,2016,3.040499783282196
India - rural,,2017,3.205467452307167
India - rural,,2018,3.4910638864897368
India - rural,,2019,3.5928907979490634
India - urban,,1977,2.3321115488160853
India - urban,,1983,2.5387098481121595
India - urban,,1987,2.606190660772186
India - urban,,1993,2.793138711004964
India - urban,,2004,3.1094382721600478
India - urban,,2009,3.461716398848752
India - urban,,2011,3.9169478387435466
India - urban,,2015,3.6736086631089817
India - urban,,2016,3.788233011097081
India - urban,,2017,4.323100787665654
India - urban,,2018,4.880796355059454
India - urban,,2019,4.641989696078876
Indonesia,IDN,1984,1.49
Indonesia,IDN,1987,1.52
Indonesia,IDN,1990,1.82
Indonesia,IDN,1993,1.83
Indonesia,IDN,1996,2.11
Indonesia,IDN,1998,1.66
Indonesia,IDN,1999,2.26
Indonesia,IDN,2000,2.31
Indonesia,IDN,2001,2.41
Indonesia,IDN,2002,2.87
Indonesia,IDN,2003,2.91
Indonesia,IDN,2004,2.91
Indonesia,IDN,2005,3.04
Indonesia,IDN,2006,2.81
Indonesia,IDN,2007,3.07
Indonesia,IDN,2008,3.14
Indonesia,IDN,2009,3.27
Indonesia,IDN,2010,3.61
Indonesia,IDN,2011,3.8
Indonesia,IDN,2012,3.89
Indonesia,IDN,2013,4.05
Indonesia,IDN,2014,4.28
Indonesia,IDN,2015,4.54
Indonesia,IDN,2016,4.87
Indonesia,IDN,2017,5.17
Indonesia,IDN,2018,5.44
Indonesia,IDN,2019,5.54
Indonesia,IDN,2020,5.68
Indonesia,IDN,2021,5.74
Indonesia - rural,,1984,1.3337671058431322
Indonesia - rural,,1987,1.3845725415707038
Indonesia - rural,,1990,1.6440027246660431
Indonesia - rural,,1993,1.613510648180424
Indonesia - rural,,1996,1.831393621510012
Indonesia - rural,,1998,1.4504834940087443
Indonesia - rural,,1999,2.0101739100344798
Indonesia - rural,,2000,2.072397918966898
Indonesia - rural,,2001,2.1251085001663554
Indonesia - rural,,2002,2.433293553065376
Indonesia - rural,,2003,2.478032792986429
Indonesia - rural,,2004,2.445205977873787
Indonesia - rural,,2005,2.5175791492109667
Indonesia - rural,,2006,2.326793569622314
Indonesia - rural,,2007,2.542345579852386
Indonesia - rural,,2008,2.6404927617157794
Indonesia - rural,,2009,2.764173898642117
Indonesia - rural,,2010,3.047863070395669
Indonesia - rural,,2011,3.232664667915696
Indonesia - rural,,2012,3.310986079545676
Indonesia - rural,,2013,3.4949023427107653
Indonesia - rural,,2014,3.73879957237404
Indonesia - rural,,2015,3.989875761525058
Indonesia - rural,,2016,4.231040328859169
Indonesia - rural,,2017,4.5078545271532455
Indonesia - rural,,2018,4.7323138215138885
Indonesia - rural,,2019,4.825515852705724
Indonesia - rural,,2020,4.949363215344385
Indonesia - rural,,2021,5.107135456422535
Indonesia - urban,,1984,2.2396110734276324
Indonesia - urban,,1987,2.06790424056002
Indonesia - urban,,1990,2.510467459199117
Indonesia - urban,,1993,2.5203464115782586
Indonesia - urban,,1996,2.92998979739442
Indonesia - urban,,1998,2.1442965643059715
Indonesia - urban,,1999,2.804837584725366
Indonesia - urban,,2000,2.7791620025940333
Indonesia - urban,,2001,2.9903527284252007
Indonesia - urban,,2002,3.653171147898024
Indonesia - urban,,2003,3.8075121453090497
Indonesia - urban,,2004,3.765710937355343
Indonesia - urban,,2005,3.833356950449664
Indonesia - urban,,2006,3.559266638107706
Indonesia - urban,,2007,3.95404072750544
Indonesia - urban,,2008,3.9321333269445216
Indonesia - urban,,2009,4.023232684087901
Indonesia - urban,,2010,4.393003209893865
Indonesia - urban,,2011,4.551952003698121
Indonesia - urban,,2012,4.6580866472302365
Indonesia - urban,,2013,4.850838135666701
Indonesia - urban,,2014,5.005392061105029
Indonesia - urban,,2015,5.261222553160423
Indonesia - urban,,2016,5.7791057544033535
Indonesia - urban,,2017,5.978120410778258
Indonesia - urban,,2018,6.182008582656916
Indonesia - urban,,2019,6.313889687650991
Indonesia - urban,,2020,6.425735332897624
Indonesia - urban,,2021,6.342773027637132
Iran,IRN,1986,6.4474981000739
Iran,IRN,1990,6.192323793697451
Iran,IRN,1994,7.142717861959385
Iran,IRN,1998,7.586507090356064
Iran,IRN,2005,11.67083662783587
Iran,IRN,2006,11.670106370050805
Iran,IRN,2009,12.03875114415299
Iran,IRN,2013,11.771686710813034
Iran,IRN,2014,11.416619044028891
Iran,IRN,2015,11.291275449932506
Iran,IRN,2016,11.35742739278228
Iran,IRN,2017,11.904548772698591
Iran,IRN,2018,11.347360252569688
Iran,IRN,2019,10.309509925832154
Iraq,IRQ,2006,9.105328462520616
Iraq,IRQ,2012,9.61432290134908
Ireland,IRL,1987,16.062574162062127
Ireland,IRL,1994,21.961926293153656
Ireland,IRL,1995,22.24024135176021
Ireland,IRL,1996,24.256628407946373
Ireland,IRL,2000,31.895968566061565
Ireland,IRL,2002,35.53205768394884
Ireland,IRL,2003,36.173154693356224
Ireland,IRL,2004,37.12885791196361
Ireland,IRL,2005,38.04439358091226
Ireland,IRL,2006,41.69811965274486
Ireland,IRL,2007,41.12937137044948
Ireland,IRL,2008,39.11035419339764
Ireland,IRL,2009,38.20957466330241
Ireland,IRL,2010,37.104181630666005
Ireland,IRL,2011,35.675531112767764
Ireland,IRL,2012,35.65579209019685
Ireland,IRL,2013,35.71853721342002
Ireland,IRL,2014,37.51308625159722
Ireland,IRL,2015,39.22873897906369
Ireland,IRL,2016,40.217736482409066
Ireland,IRL,2017,43.78488569106651
Ireland,IRL,2018,44.72756208294984
Israel,ISR,1979,16.461003176135105
Israel,ISR,1986,16.235634988808958
Israel,ISR,1992,19.466682778952432
Israel,ISR,1997,19.99464034214665
Israel,ISR,2001,22.507672864885564
Israel,ISR,2002,20.361119098107064
Israel,ISR,2003,20.705004063682857
Israel,ISR,2004,21.57241842984516
Israel,ISR,2005,22.13030482009607
Israel,ISR,2006,23.005160971196037
Israel,ISR,2007,24.16329302741639
Israel,ISR,2008,24.485911717796093
Israel,ISR,2009,24.521228626401737
Israel,ISR,2010,25.10354204834621
Israel,ISR,2011,25.12434324788489
Israel,ISR,2012,26.82665263157632
Israel,ISR,2013,28.328750466560447
Israel,ISR,2014,29.42988107278183
Israel,ISR,2015,30.04671124956745
Israel,ISR,2016,30.95249675316208
Israel,ISR,2017,32.571719780707035
Israel,ISR,2018,33.64546574292815
Italy,ITA,1986,26.17770286624417
Italy,ITA,1987,27.84563752085954
Italy,ITA,1989,31.74836329720619
Italy,ITA,1991,32.36492652434117
Italy,ITA,1993,30.932615635447853
Italy,ITA,1995,29.75927388203832
Italy,ITA,1998,31.70330347300657
Italy,ITA,2000,32.72338117446066
Italy,ITA,2003,39.87128709552743
Italy,ITA,2004,41.24742844241576
Italy,ITA,2005,41.09313535869094
Italy,ITA,2006,41.755298526025406
Italy,ITA,2007,42.63774317150447
Italy,ITA,2008,41.56635225128319
Italy,ITA,2009,41.99565754347929
Italy,ITA,2010,41.045001717315614
Italy,ITA,2011,40.20274610273436
Italy,ITA,2012,38.42717315156106
Italy,ITA,2013,38.16923322024979
Italy,ITA,2014,38.351415964059385
Italy,ITA,2015,39.45245828803101
Italy,ITA,2016,40.31917538883204
Italy,ITA,2017,40.532335419878216
Italy,ITA,2018,40.67494319780986
Jamaica,JAM,1988,7.400340471212715
Jamaica,JAM,1990,6.882897829804046
Jamaica,JAM,1993,5.5002555640654665
Jamaica,JAM,1996,7.654276815377153
Jamaica,JAM,1999,9.663564194511762
Jamaica,JAM,2002,9.561661057194137
Jamaica,JAM,2004,9.95349996428036
Japan,JPN,2008,36.59409854467315
Japan,JPN,2010,42.6465785611926
Japan,JPN,2013,41.49211238573401
Jordan,JOR,1986,13.329676259401188
Jordan,JOR,1992,9.336100518322976
Jordan,JOR,1997,9.009786023556526
Jordan,JOR,2002,10.444268893279558
Jordan,JOR,2006,11.91961479313553
Jordan,JOR,2008,12.072028514577791
Jordan,JOR,2010,13.392006936761916
Kazakhstan,KAZ,1993,5.077065217399326
Kazakhstan,KAZ,1996,5.093653868450153
Kazakhstan,KAZ,2001,4.485356389617657
Kazakhstan,KAZ,2002,4.735254689120066
Kazakhstan,KAZ,2003,5.185882487045352
Kazakhstan,KAZ,2004,5.562023217290197
Kazakhstan,KAZ,2005,5.5366678516298125
Kazakhstan,KAZ,2006,6.793868977778925
Kazakhstan,KAZ,2007,7.927813165642123
Kazakhstan,KAZ,2008,7.952517226806852
Kazakhstan,KAZ,2009,7.951996193481095
Kazakhstan,KAZ,2010,8.430737354263053
Kazakhstan,KAZ,2011,10.044237616844129
Kazakhstan,KAZ,2012,10.23296814433768
Kazakhstan,KAZ,2013,10.821952513300907
Kazakhstan,KAZ,2014,10.57000019924758
Kazakhstan,KAZ,2015,10.061601039576336
Kazakhstan,KAZ,2016,9.291081893768444
Kazakhstan,KAZ,2017,9.904096505420576
Kazakhstan,KAZ,2018,10.417673807463748
Kenya,KEN,1992,3.750858565913632
Kenya,KEN,1994,3.4385744909901863
Kenya,KEN,1997,3.437455077448161
Kenya,KEN,2005,2.758178914167618
Kenya,KEN,2015,3.09857430747373
Kiribati,KIR,2006,4.445905988288384
Kiribati,KIR,2019,5.340160867846941
Kosovo,OWID_KOS,2003,5.362334846336441
Kosovo,OWID_KOS,2005,5.372572611261258
Kosovo,OWID_KOS,2006,5.3352760856064885
Kosovo,OWID_KOS,2009,6.097701523490758
Kosovo,OWID_KOS,2010,6.0381632576056825
Kosovo,OWID_KOS,2011,6.257550190031165
Kosovo,OWID_KOS,2012,7.516761896077314
Kosovo,OWID_KOS,2013,7.693512338531098
Kosovo,OWID_KOS,2014,7.795709452582155
Kosovo,OWID_KOS,2015,7.989393864824369
Kosovo,OWID_KOS,2016,8.175637504671508
Kosovo,OWID_KOS,2017,8.10882312121354
Kyrgyzstan,KGZ,1998,3.529014271813681
Kyrgyzstan,KGZ,2000,2.464476657807789
Kyrgyzstan,KGZ,2001,2.654198287526522
Kyrgyzstan,KGZ,2002,2.705823588112356
Kyrgyzstan,KGZ,2003,2.878807603445332
Kyrgyzstan,KGZ,2004,3.9683305600660352
Kyrgyzstan,KGZ,2005,3.660571603870896
Kyrgyzstan,KGZ,2006,4.495175678225032
Kyrgyzstan,KGZ,2007,4.580607501125596
Kyrgyzstan,KGZ,2008,5.408036834821064
Kyrgyzstan,KGZ,2009,5.457590920033746
Kyrgyzstan,KGZ,2010,5.268276048113537
Kyrgyzstan,KGZ,2011,5.33780640306833
Kyrgyzstan,KGZ,2012,5.197904357661304
Kyrgyzstan,KGZ,2013,5.005003595640548
Kyrgyzstan,KGZ,2014,5.298584638014056
Kyrgyzstan,KGZ,2015,5.09395506229442
Kyrgyzstan,KGZ,2016,5.305891842554237
Kyrgyzstan,KGZ,2017,5.334527662631386
Kyrgyzstan,KGZ,2018,5.669188038183764
Kyrgyzstan,KGZ,2019,5.8372314134083245
Kyrgyzstan,KGZ,2020,5.4330744521249095
Laos,LAO,1992,3.0499805544546787
Laos,LAO,1997,2.343304679726208
Laos,LAO,2002,2.9675641187682844
Laos,LAO,2007,3.2503566693256003
Laos,LAO,2012,4.16246140523276
Laos,LAO,2018,4.757384479084401
Latin America and the Caribbean,,1990,5.97
Latin America and the Caribbean,,1991,6.1
Latin America and the Caribbean,,1992,6.07
Latin America and the Caribbean,,1993,6.07
Latin America and the Caribbean,,1994,6.36
Latin America and the Caribbean,,1995,6.33
Latin America and the Caribbean,,1996,6.15
Latin America and the Caribbean,,1997,6.36
Latin America and the Caribbean,,1998,6.55
Latin America and the Caribbean,,1999,6.45
Latin America and the Caribbean,,2000,6.78
Latin America and the Caribbean,,2001,6.84
Latin America and the Caribbean,,2002,6.86
Latin America and the Caribbean,,2003,6.91
Latin America and the Caribbean,,2004,7.21
Latin America and the Caribbean,,2005,7.65
Latin America and the Caribbean,,2006,8.35
Latin America and the Caribbean,,2007,8.76
Latin America and the Caribbean,,2008,9.15
Latin America and the Caribbean,,2009,9.18
Latin America and the Caribbean,,2010,9.58
Latin America and the Caribbean,,2011,10.02
Latin America and the Caribbean,,2012,10.38
Latin America and the Caribbean,,2013,10.64
Latin America and the Caribbean,,2014,10.7
Latin America and the Caribbean,,2015,10.92
Latin America and the Caribbean,,2016,11.02
Latin America and the Caribbean,,2017,11.2
Latin America and the Caribbean,,2018,11.34
Latin America and the Caribbean,,2019,11.46
Latvia,LVA,1993,7.711929875936296
Latvia,LVA,1995,9.02996812288996
Latvia,LVA,1996,8.781848636163055
Latvia,LVA,1997,8.276059233752848
Latvia,LVA,1998,8.541265415468784
Latvia,LVA,2002,11.127304247239616
Latvia,LVA,2003,12.073253468795604
Latvia,LVA,2004,12.722610991681613
Latvia,LVA,2005,12.079129868797358
Latvia,LVA,2006,15.004923664011743
Latvia,LVA,2007,17.58190326827759
Latvia,LVA,2008,17.95078549737717
Latvia,LVA,2009,14.649475897521269
Latvia,LVA,2010,15.985071828658343
Latvia,LVA,2011,15.575472427047778
Latvia,LVA,2012,16.08111332399133
Latvia,LVA,2013,17.35871747458452
Latvia,LVA,2014,19.21211216032128
Latvia,LVA,2015,20.93334181967268
Latvia,LVA,2016,22.118914780817956
Latvia,LVA,2017,23.859627791039127
Latvia,LVA,2018,25.69193216611581
Latvia,LVA,2019,26.93706769489251
Lebanon,LBN,2011,26.116679078861427
Lesotho,LSO,1986,1.9331578292251903
Lesotho,LSO,1994,1.8880978011692149
Lesotho,LSO,2002,1.434564128992079
Lesotho,LSO,2017,3.237573999999245
Liberia,LBR,2007,2.060042115399185
Liberia,LBR,2014,3.177940311671611
Liberia,LBR,2016,3.095038581947024
Lithuania,LTU,1993,4.749946607120268
Lithuania,LTU,1996,9.72172827142088
Lithuania,LTU,1998,10.273219940264358
Lithuania,LTU,1999,10.184076948740472
Lithuania,LTU,2000,9.693391827390656
Lithuania,LTU,2001,9.513805481287912
Lithuania,LTU,2002,9.581815778351643
Lithuania,LTU,2003,12.444063805585904
Lithuania,LTU,2004,13.06974645751889
Lithuania,LTU,2005,13.44311976069446
Lithuania,LTU,2006,16.670477653878745
Lithuania,LTU,2007,19.6922734260438
Lithuania,LTU,2008,16.324039866434457
Lithuania,LTU,2009,17.45154575920119
Lithuania,LTU,2010,16.8839170920045
Lithuania,LTU,2011,18.03581169256602
Lithuania,LTU,2012,18.61102332579385
Lithuania,LTU,2013,19.26230915527027
Lithuania,LTU,2014,20.51828695606389
Lithuania,LTU,2015,22.6518076335102
Lithuania,LTU,2016,24.24167053018951
Lithuania,LTU,2017,25.621785401351985
Lithuania,LTU,2018,28.03413150496913
Lithuania,LTU,2019,30.712622181023463
Luxembourg,LUX,1985,35.13306363323695
Luxembourg,LUX,1991,50.18312895956852
Luxembourg,LUX,1994,55.11867789564258
Luxembourg,LUX,1997,55.47422802603722
Luxembourg,LUX,2000,61.25457907660106
Luxembourg,LUX,2003,64.78635452996578
Luxembourg,LUX,2004,66.85571185326337
Luxembourg,LUX,2005,68.98650879536885
Luxembourg,LUX,2006,67.65136141971095
Luxembourg,LUX,2007,68.75901752146468
Luxembourg,LUX,2008,66.33033386432218
Luxembourg,LUX,2009,69.03767625416083
Luxembourg,LUX,2010,67.52895950965305
Luxembourg,LUX,2011,66.05534252090526
Luxembourg,LUX,2012,64.16686468760027
Luxembourg,LUX,2013,66.37539170253463
Luxembourg,LUX,2014,67.28173369993488
Luxembourg,LUX,2015,61.96095675506636
Luxembourg,LUX,2016,67.63195192074168
Luxembourg,LUX,2017,65.96172257192511
Luxembourg,LUX,2018,69.0957556908262
Luxembourg,LUX,2019,69.48355978963822
Madagascar,MDG,1980,2.2059509473602263
Madagascar,MDG,1993,1.4413594658280195
Madagascar,MDG,1997,1.5402691882087167
Madagascar,MDG,1999,1.5615750528469945
Madagascar,MDG,2001,1.3213401361220931
Madagascar,MDG,2005,1.4088428536553594
Madagascar,MDG,2010,1.182738484625819
Madagascar,MDG,2012,1.1187237786465278
Malawi,MWI,1997,1.8748782220165712
Malawi,MWI,2004,1.5838241169208165
Malawi,MWI,2010,1.5159819801264056
Malawi,MWI,2016,1.649660736543101
Malawi,MWI,2019,1.5339026406805594
Malaysia,MYS,1984,8.542891894065239
Malaysia,MYS,1987,8.385858747260237
Malaysia,MYS,1989,8.361095549894625
Malaysia,MYS,1992,9.048889684381626
Malaysia,MYS,1995,9.301945618511922
Malaysia,MYS,1997,11.46599650919852
Malaysia,MYS,2003,11.137479460891596
Malaysia,MYS,2006,12.527523182604291
Malaysia,MYS,2008,12.978290643740593
Malaysia,MYS,2011,16.25542330708627
Malaysia,MYS,2013,19.240177179465565
Malaysia,MYS,2015,21.6249854306726
Maldives,MDV,2002,5.073288392748788
Maldives,MDV,2009,6.79887694072111
Maldives,MDV,2016,16.347643065739856
Maldives,MDV,2019,15.830599720544532
Mali,MLI,1994,0.8378314878543647
Mali,MLI,2001,1.8768317165332664
Mali,MLI,2006,2.161399085972785
Mali,MLI,2009,2.2107962513197736
Mali,MLI,2018,3.779236090086958
Malta,MLT,2006,30.93484344704228
Malta,MLT,2007,33.49298888619203
Malta,MLT,2008,33.960130866941256
Malta,MLT,2009,32.8695874435941
Malta,MLT,2010,33.91647977039283
Malta,MLT,2011,34.591861025757375
Malta,MLT,2012,35.504978576462115
Malta,MLT,2013,37.58223521942188
Malta,MLT,2014,39.885355583906325
Malta,MLT,2015,39.541352711814085
Malta,MLT,2016,42.70111161621546
Malta,MLT,2017,43.03334462732396
Malta,MLT,2018,44.17501690741637
Malta,MLT,2019,45.71077825031095
Marshall Islands,MHL,2019,9.209444222338348
Mauritania,MRT,1987,2.5722618585086847
Mauritania,MRT,1993,2.430856718724368
Mauritania,MRT,1995,3.5394896766016943
Mauritania,MRT,2000,3.701723399008837
Mauritania,MRT,2004,3.681902011769331
Mauritania,MRT,2008,4.698434547437218
Mauritania,MRT,2014,5.300380081264743
Mauritius,MUS,2006,10.25439633712867
Mauritius,MUS,2012,11.22188381723453
Mauritius,MUS,2017,12.731154780680663
Mexico,MEX,1984,6.233773286953975
Mexico,MEX,1989,6.343967825297038
Mexico,MEX,1992,7.154584419907586
Mexico,MEX,1994,7.330156998897891
Mexico,MEX,1996,5.031287758785791
Mexico,MEX,1998,6.121091193320408
Mexico,MEX,2000,7.154418508798256
Mexico,MEX,2002,7.491206184907866
Mexico,MEX,2004,7.937669806594018
Mexico,MEX,2005,8.259927780609733
Mexico,MEX,2006,8.792158217736564
Mexico,MEX,2008,8.825823051342118
Mexico,MEX,2010,8.576127043922465
Mexico,MEX,2012,8.917200438561238
Mexico,MEX,2014,8.454638983422951
Mexico,MEX,2016,9.29732401981757
Mexico,MEX,2018,9.71089455664343
Mexico,MEX,2020,9.551501913373572
Micronesia (country),FSM,2005,5.881983906025338
Micronesia (country),FSM,2013,4.226492419955237
Micronesia (country) - urban,,2000,2.67918990540736
Middle East and North Africa,,1990,5.6
Middle East and North Africa,,1991,5.22
Middle East and North Africa,,1992,5.37
Middle East and North Africa,,1993,5.47
Middle East and North Africa,,1994,5.45
Middle East and North Africa,,1995,5.35
Middle East and North Africa,,1996,5.45
Middle East and North Africa,,1997,5.62
Middle East and North Africa,,1998,5.95
Middle East and North Africa,,1999,6.12
Middle East and North Africa,,2000,6.33
Middle East and North Africa,,2001,6.37
Middle East and North Africa,,2003,6.17
Middle East and North Africa,,2004,6.63
Middle East and North Africa,,2005,6.83
Middle East and North Africa,,2006,6.83
Middle East and North Africa,,2007,7.02
Middle East and North Africa,,2008,7.17
Middle East and North Africa,,2009,7.29
Middle East and North Africa,,2010,7.54
Middle East and North Africa,,2011,7.82
Middle East and North Africa,,2012,7.82
Middle East and North Africa,,2013,7.85
Middle East and North Africa,,2014,7.77
Middle East and North Africa,,2015,7.67
Middle East and North Africa,,2016,7.77
Middle East and North Africa,,2017,7.69
Middle East and North Africa,,2018,7.52
Moldova,MDA,1997,4.36981636007415
Moldova,MDA,1998,3.468304297972849
Moldova,MDA,1999,2.790623257548123
Moldova,MDA,2000,2.891342709619252
Moldova,MDA,2001,3.350999582381854
Moldova,MDA,2002,4.291307057874927
Moldova,MDA,2003,5.080520153176391
Moldova,MDA,2004,5.088040732212445
Moldova,MDA,2005,4.516188196280155
Moldova,MDA,2006,7.823344350265087
Moldova,MDA,2007,8.950444829098098
Moldova,MDA,2008,8.6367123370599
Moldova,MDA,2009,8.843021100820826
Moldova,MDA,2010,9.055512277420922
Moldova,MDA,2011,9.451042386211768
Moldova,MDA,2012,9.373644049341417
Moldova,MDA,2013,10.077760217153475
Moldova,MDA,2014,9.887843403475095
Moldova,MDA,2015,10.254812925325274
Moldova,MDA,2016,9.942880041016473
Moldova,MDA,2017,10.06041207192328
Moldova,MDA,2018,10.395865921753328
Moldova,MDA,2019,10.51558556597192
Mongolia,MNG,1995,4.190026571254206
Mongolia,MNG,1998,2.968837471212303
Mongolia,MNG,2002,4.394584166542256
Mongolia,MNG,2007,6.79516081486804
Mongolia,MNG,2010,6.958280202443995
Mongolia,MNG,2011,7.490085168599498
Mongolia,MNG,2012,8.754242598048682
Mongolia,MNG,2014,9.30744336304286
Mongolia,MNG,2016,7.710759023757635
Mongolia,MNG,2018,8.100051485207272
Montenegro,MNE,2005,12.471874023817652
Montenegro,MNE,2006,12.922452150913552
Montenegro,MNE,2007,15.797212397189684
Montenegro,MNE,2008,16.511878480794458
Montenegro,MNE,2009,16.120056566790197
Montenegro,MNE,2010,15.248287963239434
Montenegro,MNE,2011,14.544261094978872
Montenegro,MNE,2012,13.395161929277297
Montenegro,MNE,2013,13.489328090337914
Montenegro,MNE,2014,14.213847393776616
Montenegro,MNE,2015,13.263836777515952
Montenegro,MNE,2016,14.53580955764757
Montenegro,MNE,2017,14.852144737207198
Montenegro,MNE,2018,14.61829769135782
Morocco,MAR,1984,4.4123549850125965
Morocco,MAR,1990,5.817325572126324
Morocco,MAR,1998,4.929253524215746
Morocco,MAR,2000,4.922670480559979
Morocco,MAR,2006,5.956881669908662
Morocco,MAR,2013,7.712148872617283
Mozambique,MOZ,1996,0.8834100892920521
Mozambique,MOZ,2002,1.1487575060904711
Mozambique,MOZ,2008,1.4511948929840868
Mozambique,MOZ,2014,1.6047670418058986
Myanmar,MMR,2015,4.768426542007403
Myanmar,MMR,2017,5.471380418190477
Namibia,NAM,1993,1.9
Namibia,NAM,2003,2.905627290491166
Namibia,NAM,2009,3.5303068311010826
Namibia,NAM,2015,5.684173541752845
Nauru,NRU,2012,6.684330582722902
Nepal,NPL,1984,1.6915182963593909
Nepal,NPL,1995,2.0249052091195057
Nepal,NPL,2003,2.527051143600774
Nepal,NPL,2010,4.200243129805629
Netherlands,NLD,1983,30.090692739209405
Netherlands,NLD,1987,33.26191664213638
Netherlands,NLD,1990,38.99440094715074
Netherlands,NLD,1993,37.170607774438245
Netherlands,NLD,1999,43.80480870471734
Netherlands,NLD,2004,44.26567372526581
Netherlands,NLD,2005,44.79624727069282
Netherlands,NLD,2006,46.71402568495167
Netherlands,NLD,2007,49.38531008404416
Netherlands,NLD,2008,49.77068271733708
Netherlands,NLD,2009,50.10304432699127
Netherlands,NLD,2010,49.59387882864852
Netherlands,NLD,2011,48.94053908576971
Netherlands,NLD,2012,48.17485477114296
Netherlands,NLD,2013,46.899241971445136
Netherlands,NLD,2014,47.30478051390289
Netherlands,NLD,2015,50.42110864856989
Netherlands,NLD,2016,52.60617271814011
Netherlands,NLD,2017,52.5101470904697
Netherlands,NLD,2018,53.176446391949206
Netherlands,NLD,2019,54.41699497833299
Nicaragua,NIC,1993,3.97588845875252
Nicaragua,NIC,1998,4.199093250585028
Nicaragua,NIC,2001,3.951837346406616
Nicaragua,NIC,2005,4.027638089307412
Nicaragua,NIC,2009,5.977652223632371
Nicaragua,NIC,2014,8.074234202224902
Niger,NER,1992,1.198699179553333
Niger,NER,1994,0.9740296330610294
Niger,NER,2005,1.1647120657996728
Niger,NER,2007,1.3112459047758631
Niger,NER,2011,1.868261465480416
Niger,NER,2014,2.0110650688109617
Niger,NER,2018,2.1295180195376453
Nigeria,NGA,1985,2.2395021158235235
Nigeria,NGA,1992,2.03322936916568
Nigeria,NGA,1996,1.7822516360030312
Nigeria,NGA,2003,2.238684374187564
Nigeria,NGA,2010,2.7593143631769834
Nigeria,NGA,2012,2.8090491748891693
Nigeria,NGA,2015,2.896423356133287
Nigeria,NGA,2018,2.9532701613425067
North Macedonia,MKD,1998,7.694576314202372
North Macedonia,MKD,2000,6.468839059655655
North Macedonia,MKD,2002,9.93889054232698
North Macedonia,MKD,2003,9.595175271303992
North Macedonia,MKD,2004,12.226092853589495
North Macedonia,MKD,2005,10.155497788014138
North Macedonia,MKD,2006,9.85876188244042
North Macedonia,MKD,2008,11.971739759593795
North Macedonia,MKD,2009,8.222776968075491
North Macedonia,MKD,2010,8.842160037960827
North Macedonia,MKD,2011,8.812335763137563
North Macedonia,MKD,2012,9.14341501119292
North Macedonia,MKD,2013,9.162788665383772
North Macedonia,MKD,2014,9.90507935818126
North Macedonia,MKD,2015,10.413916731600498
North Macedonia,MKD,2016,11.368791909959231
North Macedonia,MKD,2017,12.01354952840814
North Macedonia,MKD,2018,12.40124401979518
Norway,NOR,1979,24.601657469869043
Norway,NOR,1986,34.0065096819754
Norway,NOR,1991,35.92317577292522
Norway,NOR,1995,36.17294970116882
Norway,NOR,2000,42.81350634733348
Norway,NOR,2003,45.67854688139501
Norway,NOR,2004,45.674022845155534
Norway,NOR,2005,47.45661700615061
Norway,NOR,2006,49.469393125946965
Norway,NOR,2007,53.14188482353118
Norway,NOR,2008,55.58810763847681
Norway,NOR,2009,56.35292171691655
Norway,NOR,2010,56.927365674315006
Norway,NOR,2011,60.46514143856408
Norway,NOR,2012,61.50651467258146
Norway,NOR,2013,63.70796884306176
Norway,NOR,2014,64.78537191335391
Norway,NOR,2015,64.99609072348957
Norway,NOR,2016,64.38989810475066
Norway,NOR,2017,64.22418539902966
Norway,NOR,2018,63.71352752432079
Norway,NOR,2019,65.29984019712992
Pakistan,PAK,1987,1.6967301057058068
Pakistan,PAK,1990,1.7683086387492108
Pakistan,PAK,1996,2.890651689394266
Pakistan,PAK,1998,2.742183679593568
Pakistan,PAK,2001,2.560564998030106
Pakistan,PAK,2004,3.0328018572920805
Pakistan,PAK,2005,3.0338082702312987
Pakistan,PAK,2007,3.2396041277818406
Pakistan,PAK,2010,3.546225279403218
Pakistan,PAK,2011,3.577840983791384
Pakistan,PAK,2013,3.8762098895903
Pakistan,PAK,2015,4.0830794976458105
Pakistan,PAK,2018,4.073170441291015
Palestine,PSE,2004,10.319433222448582
Palestine,PSE,2005,10.743198476920274
Palestine,PSE,2006,10.818493106800792
Palestine,PSE,2007,9.903895913585446
Palestine,PSE,2009,11.214484916520728
Palestine,PSE,2010,11.181038503300714
Palestine,PSE,2011,11.348366572519916
Palestine,PSE,2016,11.421007590712746
Panama,PAN,1979,8.763766982306475
Panama,PAN,1989,6.7897967752375
Panama,PAN,1991,7.184051720867177
Panama,PAN,1995,9.371439002759494
Panama,PAN,1997,9.262635656117192
Panama,PAN,1998,9.119216913167516
Panama,PAN,1999,9.695285859926134
Panama,PAN,2000,10.120802158321508
Panama,PAN,2001,9.031238716132403
Panama,PAN,2002,9.665016272332014
Panama,PAN,2003,9.913443190960091
Panama,PAN,2004,10.336311692645884
Panama,PAN,2005,10.390219499099215
Panama,PAN,2006,10.419853450036454
Panama,PAN,2007,11.52764544125334
Panama,PAN,2008,13.752004163466
Panama,PAN,2009,13.846999803876722
Panama,PAN,2010,14.449192036513772
Panama,PAN,2011,16.019879313785733
Panama,PAN,2012,16.13799133120986
Panama,PAN,2013,16.894323242587845
Panama,PAN,2014,17.49350552530953
Panama,PAN,2015,18.7555405276117
Panama,PAN,2016,19.876503908363794
Panama,PAN,2017,20.36275587717544
Panama,PAN,2018,21.425737322715435
Panama,PAN,2019,21.85406090453206
Papua New Guinea,PNG,1996,2.0044943874157246
Papua New Guinea,PNG,2009,2.6180223724091656
Paraguay,PRY,1990,11.430764813489333
Paraguay,PRY,1995,8.061832571206482
Paraguay,PRY,1997,9.602362013225864
Paraguay,PRY,1999,8.51368843453249
Paraguay,PRY,2001,8.710626806881233
Paraguay,PRY,2002,6.613700281710132
Paraguay,PRY,2003,7.679607862950655
Paraguay,PRY,2004,7.850239314236978
Paraguay,PRY,2005,8.508103073911855
Paraguay,PRY,2006,7.821392361576858
Paraguay,PRY,2007,8.400963057067694
Paraguay,PRY,2008,8.986500443344715
Paraguay,PRY,2009,9.29528956984217
Paraguay,PRY,2010,9.78420675186861
Paraguay,PRY,2011,10.50819793636632
Paraguay,PRY,2012,11.60076761541823
Paraguay,PRY,2013,12.329539692055793
Paraguay,PRY,2014,12.633976358929496
Paraguay,PRY,2015,12.588135360644062
Paraguay,PRY,2016,12.044276345375671
Paraguay,PRY,2017,12.45509985649489
Paraguay,PRY,2018,13.157504681096585
Paraguay,PRY,2019,13.33913197683734
Paraguay,PRY,2020,12.314926153978746
Peru,PER,1985,9.06784763679001
Peru,PER,1994,4.690316495153986
Peru,PER,1997,5.200813350672053
Peru,PER,1998,5.177452766367907
Peru,PER,1999,5.109224205462266
Peru,PER,2000,5.18985921374585
Peru,PER,2001,4.934786868763696
Peru,PER,2002,5.470426726790304
Peru,PER,2003,5.5635566620320525
Peru,PER,2004,5.571851736065075
Peru,PER,2005,5.272891608194917
Peru,PER,2006,5.989495962095787
Peru,PER,2007,6.797125825938813
Peru,PER,2008,7.454088100538295
Peru,PER,2009,7.730569963374924
Peru,PER,2010,8.334382705079916
Peru,PER,2011,8.868471330667377
Peru,PER,2012,9.3973816626466
Peru,PER,2013,9.484904311084897
Peru,PER,2014,9.629412721381586
Peru,PER,2015,9.604249110791336
Peru,PER,2016,9.903754218016193
Peru,PER,2017,9.836351893971935
Peru,PER,2018,10.165175502619883
Peru,PER,2019,10.437995057357892
Peru,PER,2020,7.928694851286821
Philippines,PHL,1985,3.1344112289766586
Philippines,PHL,1988,3.251512419696378
Philippines,PHL,1991,3.3342286581089065
Philippines,PHL,1994,3.454641517075519
Philippines,PHL,1997,4.070842788223121
Philippines,PHL,2000,4.026300451609197
Philippines,PHL,2003,4.229911716002492
Philippines,PHL,2006,4.192953776918562
Philippines,PHL,2009,4.477697548695498
Philippines,PHL,2012,4.381147288969932
Philippines,PHL,2015,4.843820203264131
Philippines,PHL,2018,5.298086493116859
Poland,POL,1985,13.01956949626098
Poland,POL,1986,13.256217276529814
Poland,POL,1987,13.269028100603716
Poland,POL,1989,18.88018974274664
Poland,POL,1992,14.072983700489988
Poland,POL,1993,8.50329710641054
Poland,POL,1995,11.18062886570141
Poland,POL,1996,5.431076713900484
Poland,POL,1998,12.05111599081147
Poland,POL,1999,11.849853488415318
Poland,POL,2000,11.8570320841086
Poland,POL,2001,11.701389390628178
Poland,POL,2002,11.5894215928169
Poland,POL,2003,12.691803023124862
Poland,POL,2004,13.2105917207317
Poland,POL,2005,11.922347142648585
Poland,POL,2006,12.801531200731528
Poland,POL,2007,13.648479073677224
Poland,POL,2008,14.57584608644246
Poland,POL,2009,14.805614627624031
Poland,POL,2010,15.04459048167525
Poland,POL,2011,15.053081942152987
Poland,POL,2012,14.93152483501309
Poland,POL,2013,15.067271897508196
Poland,POL,2014,15.504075916857955
Poland,POL,2015,15.769632205102834
Poland,POL,2016,16.579114039132676
Poland,POL,2017,16.996754633709138
Poland,POL,2018,16.590326208979327
Poland,POL,2019,17.24107751987634
Portugal,PRT,2003,22.760804340568065
Portugal,PRT,2004,23.18612362416564
Portugal,PRT,2005,22.92328032460409
Portugal,PRT,2006,23.41135331988861
Portugal,PRT,2007,24.5870489221465
Portugal,PRT,2008,24.53046329827704
Portugal,PRT,2009,25.894297527753263
Portugal,PRT,2010,24.92616880442458
Portugal,PRT,2011,23.69186623117215
Portugal,PRT,2012,22.765785521617843
Portugal,PRT,2013,22.9324979856024
Portugal,PRT,2014,23.60767538750126
Portugal,PRT,2015,24.70573455405661
Portugal,PRT,2016,25.043916912248797
Portugal,PRT,2017,25.571098849574252
Portugal,PRT,2018,27.10900764136288
Portugal,PRT,2019,29.427643189885668
Romania,ROU,1989,15.774212535036794
Romania,ROU,1992,10.273773164741169
Romania,ROU,1994,4.205089691850176
Romania,ROU,1995,7.931788830390281
Romania,ROU,1997,7.277564946224164
Romania,ROU,1998,7.366832764172835
Romania,ROU,1999,5.086784341104755
Romania,ROU,2000,4.928467015321608
Romania,ROU,2001,5.435185094465945
Romania,ROU,2002,5.59447940497104
Romania,ROU,2003,5.916746592085081
Romania,ROU,2004,6.57802400334952
Romania,ROU,2005,6.959787283399863
Romania,ROU,2006,7.072543812938206
Romania,ROU,2007,7.728825527072472
Romania,ROU,2008,9.291498323921186
Romania,ROU,2009,9.57122642642724
Romania,ROU,2010,9.20754561203798
Romania,ROU,2011,9.147367322440791
Romania,ROU,2012,9.247948575833863
Romania,ROU,2013,9.34369727691659
Romania,ROU,2014,10.210320231993288
Romania,ROU,2015,10.917235892691831
Romania,ROU,2016,10.68653675145938
Romania,ROU,2017,15.409707417590583
Romania,ROU,2018,12.66054954786058
Romania,ROU,2019,19.027610318087557
Russia,RUS,1993,9.589119691969469
Russia,RUS,1996,9.644284649118957
Russia,RUS,1997,9.718850033300097
Russia,RUS,1998,8.77578782822349
Russia,RUS,1999,7.074455663155726
Russia,RUS,2000,7.772114967267949
Russia,RUS,2001,8.700530254137924
Russia,RUS,2002,9.475253182774786
Russia,RUS,2003,10.024380976146318
Russia,RUS,2004,10.777632627199658
Russia,RUS,2005,11.54438032401588
Russia,RUS,2006,12.704404848603565
Russia,RUS,2007,14.265036788697898
Russia,RUS,2008,15.913755386269848
Russia,RUS,2009,15.662931576624295
Russia,RUS,2010,16.969922179571746
Russia,RUS,2011,17.495932161561672
Russia,RUS,2012,18.0596122558854
Russia,RUS,2013,18.349605561846136
Russia,RUS,2014,18.38773097852632
Russia,RUS,2015,17.36406268678138
Russia,RUS,2016,17.35657917459516
Russia,RUS,2017,17.135622243590536
Russia,RUS,2018,17.301935828435738
Russia,RUS,2019,17.901229060784292
Russia,RUS,2020,17.407079355523063
Rwanda,RWA,2000,1.3151513101559655
Rwanda,RWA,2005,1.5853967922483292
Rwanda,RWA,2010,1.836187623291044
Rwanda,RWA,2013,2.039772420469884
Rwanda,RWA,2016,2.073804885235722
Rwanda - rural,,1984,1.9397858350782324
Saint Lucia,LCA,1995,2.6968354359869444
Saint Lucia,LCA,2016,13.04601164425108
Samoa,WSM,2002,7.244182714880017
Samoa,WSM,2008,7.583530904755089
Samoa,WSM,2013,7.577042426486192
Sao Tome and Principe,STP,2000,3.432799609536064
Sao Tome and Principe,STP,2010,3.2037267075528018
Sao Tome and Principe,STP,2017,4.002456662447955
Senegal,SEN,1991,1.3028857985517237
Senegal,SEN,1994,1.820317514000348
Senegal,SEN,2001,2.06588924744234
Senegal,SEN,2005,2.5035882301429
Senegal,SEN,2011,2.4989185835228334
Senegal,SEN,2018,4.436309553237865
Serbia,SRB,2002,13.488882625316226
Serbia,SRB,2003,12.135207522688152
Serbia,SRB,2004,10.875743587255576
Serbia,SRB,2005,11.67366668879208
Serbia,SRB,2006,11.739092188937605
Serbia,SRB,2007,11.997519208615245
Serbia,SRB,2008,12.286691656753703
Serbia,SRB,2009,12.238812119855185
Serbia,SRB,2010,11.631813361874691
Serbia,SRB,2012,11.562959996382183
Serbia,SRB,2013,11.613236874756677
Serbia,SRB,2014,10.865507939397862
Serbia,SRB,2015,13.013253811275764
Serbia,SRB,2016,11.65709852592292
Serbia,SRB,2017,12.01106545169962
Serbia,SRB,2018,13.72499066183294
Serbia,SRB,2019,13.20072283190764
Seychelles,SYC,1999,14.56382904460256
Seychelles,SYC,2006,13.16879319686577
Seychelles,SYC,2013,15.93965061332568
Seychelles,SYC,2018,19.502148960648988
Sierra Leone,SLE,1989,1.02
Sierra Leone,SLE,2003,1.779115005950598
Sierra Leone,SLE,2011,2.5106031771370105
Sierra Leone,SLE,2018,2.95926711744628
Slovakia,SVK,1992,14.460435064120048
Slovakia,SVK,1996,14.637860021429814
Slovakia,SVK,2004,11.683841845247054
Slovakia,SVK,2005,13.410044368015836
Slovakia,SVK,2006,14.980278407377876
Slovakia,SVK,2007,15.10160713399928
Slovakia,SVK,2008,15.547792084140946
Slovakia,SVK,2009,14.561052534758783
Slovakia,SVK,2010,21.580461625160734
Slovakia,SVK,2011,22.71705410514324
Slovakia,SVK,2012,21.071382582525747
Slovakia,SVK,2013,21.19517320840563
Slovakia,SVK,2014,21.37157894318671
Slovakia,SVK,2015,21.534373708778723
Slovakia,SVK,2016,22.148931668926927
Slovakia,SVK,2017,22.984943462518974
Slovakia,SVK,2018,23.896662310150557
Slovakia,SVK,2019,24.76243440066504
Slovenia,SVN,1987,35.253169644356866
Slovenia,SVN,1993,19.774706400362227
Slovenia,SVN,1997,24.384602955022768
Slovenia,SVN,1998,22.743791111259025
Slovenia,SVN,1999,24.485015091413832
Slovenia,SVN,2002,23.66928386220817
Slovenia,SVN,2003,23.346519879214647
Slovenia,SVN,2004,30.183492455136285
Slovenia,SVN,2005,31.34558477988399
Slovenia,SVN,2006,32.50403708431195
Slovenia,SVN,2007,34.23823545686669
Slovenia,SVN,2008,35.35211750052236
Slovenia,SVN,2009,35.32826962281513
Slovenia,SVN,2010,35.46485616480478
Slovenia,SVN,2011,35.26253621195796
Slovenia,SVN,2012,33.68316363018628
Slovenia,SVN,2013,33.390112310949725
Slovenia,SVN,2014,34.246139654626134
Slovenia,SVN,2015,34.56834597776796
Slovenia,SVN,2016,35.69279748320252
Slovenia,SVN,2017,36.40482411567579
Slovenia,SVN,2018,38.3396153049301
Slovenia,SVN,2019,39.50083549494682
Solomon Islands,SLB,2005,2.131038513143439
Solomon Islands,SLB,2012,3.1034040287229265
Somalia,SOM,2017,1.5173053426626104
South Africa,ZAF,1993,3.4336922783652466
South Africa,ZAF,2000,3.1184852791732225
South Africa,ZAF,2005,3.544053246000637
South Africa,ZAF,2008,4.754420454565994
South Africa,ZAF,2010,4.971800719197774
South Africa,ZAF,2014,4.755202130941437
South Asia,,1990,2.16
South Asia,,1991,2.18
South Asia,,1992,2.23
South Asia,,1993,2.25
South Asia,,1994,2.27
South Asia,,1995,2.33
South Asia,,1996,2.36
South Asia,,2002,2.43
South Asia,,2003,2.47
South Asia,,2004,2.53
South Asia,,2005,2.59
South Asia,,2006,2.64
South Asia,,2007,2.7
South Asia,,2008,2.75
South Asia,,2009,2.79
South Asia,,2010,2.92
South Asia,,2011,3.13
South Asia,,2012,3.21
South Asia,,2013,3.25
South Asia,,2014,3.28
South Asia,,2015,3.33
South Asia,,2016,3.39
South Asia,,2017,3.57
South Asia,,2018,3.86
South Asia,,2019,4.02
South Korea,KOR,2006,31.087341212346143
South Korea,KOR,2008,31.71936625447715
South Korea,KOR,2010,32.269016574522986
South Korea,KOR,2012,34.52823025265909
South Korea,KOR,2014,35.92122849345114
South Korea,KOR,2016,37.62035251508633
South Sudan,SSD,2009,3.1460548966514787
South Sudan,SSD,2016,1.5208117295392205
Spain,ESP,1980,17.36157449229383
Spain,ESP,1985,16.827205896795242
Spain,ESP,1990,22.780688671497163
Spain,ESP,1995,26.825592470866933
Spain,ESP,2000,33.75619843333717
Spain,ESP,2003,33.63113867180018
Spain,ESP,2004,32.95620865733018
Spain,ESP,2005,34.55871415594374
Spain,ESP,2006,34.361070332626376
Spain,ESP,2007,40.48692575524888
Spain,ESP,2008,41.49679507823285
Spain,ESP,2009,41.0793102672725
Spain,ESP,2010,38.49065836913402
Spain,ESP,2011,37.30373212633435
Spain,ESP,2012,35.861071207091854
Spain,ESP,2013,34.930713811144976
Spain,ESP,2014,35.03943028078842
Spain,ESP,2015,35.95932607163252
Spain,ESP,2016,37.5238755263462
Spain,ESP,2017,38.03181359140776
Spain,ESP,2018,37.84660967799895
Spain,ESP,2019,40.29141365441041
Sri Lanka,LKA,1985,3.563874996869368
Sri Lanka,LKA,1990,3.653220426428816
Sri Lanka,LKA,1995,3.767517445098308
Sri Lanka,LKA,2002,4.115983238599359
Sri Lanka,LKA,2006,4.8912049973008
Sri Lanka,LKA,2009,5.244089810509319
Sri Lanka,LKA,2012,5.7279747389947975
Sri Lanka,LKA,2016,6.587772316063751
Sub-Saharan Africa,,1990,2
Sub-Saharan Africa,,1991,1.92
Sub-Saharan Africa,,1992,1.85
Sub-Saharan Africa,,1993,1.8
Sub-Saharan Africa,,1994,1.78
Sub-Saharan Africa,,1995,1.8
Sub-Saharan Africa,,1996,1.84
Sub-Saharan Africa,,1997,1.86
Sub-Saharan Africa,,1998,1.87
Sub-Saharan Africa,,1999,1.89
Sub-Saharan Africa,,2000,1.91
Sub-Saharan Africa,,2001,1.94
Sub-Saharan Africa,,2002,1.98
Sub-Saharan Africa,,2003,2.03
Sub-Saharan Africa,,2004,2.13
Sub-Saharan Africa,,2005,2.21
Sub-Saharan Africa,,2006,2.27
Sub-Saharan Africa,,2007,2.32
Sub-Saharan Africa,,2008,2.39
Sub-Saharan Africa,,2009,2.41
Sub-Saharan Africa,,2010,2.49
Sub-Saharan Africa,,2011,2.55
Sub-Saharan Africa,,2012,2.58
Sub-Saharan Africa,,2013,2.63
Sub-Saharan Africa,,2014,2.69
Sub-Saharan Africa,,2015,2.7
Sub-Saharan Africa,,2016,2.72
Sub-Saharan Africa,,2017,2.77
Sub-Saharan Africa,,2018,2.83
Sub-Saharan Africa,,2019,2.86
Sudan,SDN,2009,3.7723700385741257
Sudan,SDN,2014,3.661623371307979
Suriname - urban,,1999,8.138048873458828
Sweden,SWE,1967,16.151414543663314
Sweden,SWE,1975,25.352111198393697
Sweden,SWE,1981,27.39903102645167
Sweden,SWE,1987,28.71796256861876
Sweden,SWE,1992,33.74869373272051
Sweden,SWE,1995,32.35064739616455
Sweden,SWE,2000,35.50218262724162
Sweden,SWE,2003,36.32746351246126
Sweden,SWE,2004,36.57018688329799
Sweden,SWE,2005,37.499623500765416
Sweden,SWE,2006,39.304080922050126
Sweden,SWE,2007,41.29602159410496
Sweden,SWE,2008,42.17419230131914
Sweden,SWE,2009,42.91584996462837
Sweden,SWE,2010,43.49747147700799
Sweden,SWE,2011,44.07697551340853
Sweden,SWE,2012,44.910287081368935
Sweden,SWE,2013,45.66305213819748
Sweden,SWE,2014,46.89023956078088
Sweden,SWE,2015,48.04276489119192
Sweden,SWE,2016,48.81561283416127
Sweden,SWE,2017,48.849628486884725
Sweden,SWE,2018,49.29750167499741
Sweden,SWE,2019,50.568716958742726
Switzerland,CHE,1982,57.32491011953904
Switzerland,CHE,1992,57.16958564907675
Switzerland,CHE,2000,55.55833819833243
Switzerland,CHE,2002,59.566936514795714
Switzerland,CHE,2006,59.46488425468306
Switzerland,CHE,2007,60.232256732256026
Switzerland,CHE,2008,61.036338037812506
Switzerland,CHE,2009,61.08509646775669
Switzerland,CHE,2010,62.18167900209743
Switzerland,CHE,2011,63.64336251139532
Switzerland,CHE,2012,64.39081725021126
Switzerland,CHE,2013,63.70458945470845
Switzerland,CHE,2014,64.25933152008255
Switzerland,CHE,2015,64.76186759880552
Switzerland,CHE,2016,65.32368727499826
Switzerland,CHE,2017,65.41941151659393
Switzerland,CHE,2018,64.34562468954114
Syria,SYR,1996,5.748231057340762
Syria,SYR,2003,6.954905113990161
Taiwan,TWN,1981,13.91867531401946
Taiwan,TWN,1986,18.595320061592737
Taiwan,TWN,1991,30.68480698599581
Taiwan,TWN,1995,36.05612085468185
Taiwan,TWN,1997,37.96194560276075
Taiwan,TWN,2000,39.76995904310181
Taiwan,TWN,2005,39.44664699021333
Taiwan,TWN,2007,37.33045497202473
Taiwan,TWN,2010,34.72024049186028
Taiwan,TWN,2013,35.388913735483364
Taiwan,TWN,2016,38.27132570007797
Tajikistan,TJK,1999,1.8323761883603984
Tajikistan,TJK,2003,2.577646909598664
Tajikistan,TJK,2004,3.3846924142863006
Tajikistan,TJK,2007,4.024070407758254
Tajikistan,TJK,2009,4.710329075974554
Tajikistan,TJK,2015,5.334834154742696
Tanzania,TZA,1991,1.6073050573051784
Tanzania,TZA,2000,1.0775117508080412
Tanzania,TZA,2007,1.938830203786888
Tanzania,TZA,2011,2.315097356016172
Tanzania,TZA,2018,2.3307554415223666
Thailand,THA,1981,3.7939089745167007
Thailand,THA,1988,3.9747326533878606
Thailand,THA,1990,4.2169314061643695
Thailand,THA,1992,4.856117795742433
Thailand,THA,1994,5.600155315530353
Thailand,THA,1996,6.156158519921755
Thailand,THA,1998,6.295674778365412
Thailand,THA,1999,5.869728368831696
Thailand,THA,2000,5.80504132791438
Thailand,THA,2002,6.7544225360689145
Thailand,THA,2004,7.615862240180303
Thailand,THA,2006,8.708247896867146
Thailand,THA,2007,8.923644688525927
Thailand,THA,2008,9.352816310354267
Thailand,THA,2009,9.841862125327497
Thailand,THA,2010,10.078042962737458
Thailand,THA,2011,10.528350090181863
Thailand,THA,2012,11.129934465435364
Thailand,THA,2013,11.462606909257424
Thailand,THA,2014,11.619301637361128
Thailand,THA,2015,12.340003936379969
Thailand,THA,2016,12.194284527957285
Thailand,THA,2017,12.499311896750834
Thailand,THA,2018,12.285715865187704
Thailand,THA,2019,12.539442961548511
Thailand,THA,2020,12.889152320879186
Timor,TLS,2001,3.3669932748496123
Timor,TLS,2007,3.251511463611704
Timor,TLS,2014,3.9351262432413625
Togo,TGO,2006,1.754748297978659
Togo,TGO,2011,1.7783845159339966
Togo,TGO,2015,1.9352995753798972
Togo,TGO,2018,3.213760204844977
Tonga,TON,2000,8.993618951683334
Tonga,TON,2009,8.227286683401536
Tonga,TON,2015,8.306268671013909
Trinidad and Tobago,TTO,1988,13.903416465045998
Trinidad and Tobago,TTO,1992,10.1744424061104
Tunisia,TUN,1985,4.951682105541627
Tunisia,TUN,1990,5.7113984609241575
Tunisia,TUN,1995,5.613405491634137
Tunisia,TUN,2000,6.7108597409886
Tunisia,TUN,2005,7.760905460633182
Tunisia,TUN,2010,9.366361005006343
Tunisia,TUN,2015,11.375647679336303
Turkey,TUR,1987,7.512594076817866
Turkey,TUR,1994,7.799414513363576
Turkey,TUR,2002,8.410175125719743
Turkey,TUR,2003,7.856735204537983
Turkey,TUR,2004,10.101534200527428
Turkey,TUR,2005,10.505493971160009
Turkey,TUR,2006,11.063678621235862
Turkey,TUR,2007,11.846023609305895
Turkey,TUR,2008,13.145551731997848
Turkey,TUR,2009,12.832066142014478
Turkey,TUR,2010,12.923281273275228
Turkey,TUR,2011,13.753507762501416
Turkey,TUR,2012,14.15486628241617
Turkey,TUR,2013,14.912288033654516
Turkey,TUR,2014,15.069781210544312
Turkey,TUR,2015,14.587989609751626
Turkey,TUR,2016,15.68920818745405
Turkey,TUR,2017,16.064230209898312
Turkey,TUR,2018,16.291751570686376
Turkey,TUR,2019,16.184799890160264
Turkmenistan,TKM,1998,2.398800842228333
Tuvalu,TUV,2010,6.268454400928899
Uganda,UGA,1989,1.785800152062601
Uganda,UGA,1992,1.6551475037894643
Uganda,UGA,1996,1.6780068091864644
Uganda,UGA,1999,1.555822269734939
Uganda,UGA,2002,1.6185616796638609
Uganda,UGA,2005,1.8694914143270371
Uganda,UGA,2009,2.272217394115094
Uganda,UGA,2012,2.634430792046768
Uganda,UGA,2016,2.443991669264624
Uganda,UGA,2019,2.4676428902703016
Ukraine,UKR,1992,6.333259503998348
Ukraine,UKR,1993,6.252779625236092
Ukraine,UKR,1995,5.789372480556124
Ukraine,UKR,1996,5.092983511242353
Ukraine,UKR,1999,3.896476452840244
Ukraine,UKR,2002,5.874384032543225
Ukraine,UKR,2003,6.535736056023142
Ukraine,UKR,2004,7.370233559026804
Ukraine,UKR,2005,8.693057622903286
Ukraine,UKR,2006,9.337656611642798
Ukraine,UKR,2007,9.14658261678722
Ukraine,UKR,2008,10.495288621374996
Ukraine,UKR,2009,9.819548192608682
Ukraine,UKR,2010,10.554482518475478
Ukraine,UKR,2011,10.96211485467838
Ukraine,UKR,2012,11.437560024618875
Ukraine,UKR,2013,12.086083835801816
Ukraine,UKR,2014,11.610682473199724
Ukraine,UKR,2015,10.32196988288177
Ukraine,UKR,2016,10.639186992846518
Ukraine,UKR,2017,11.528695262678362
Ukraine,UKR,2018,12.02780487046093
Ukraine,UKR,2019,13.127842546894946
Ukraine,UKR,2020,12.599211557682084
United Arab Emirates,ARE,2013,65.14401583502598
United Kingdom,GBR,1969,13.950178740847736
United Kingdom,GBR,1974,20.70511950670261
United Kingdom,GBR,1979,22.50443135913909
United Kingdom,GBR,1986,24.464716115497627
United Kingdom,GBR,1991,27.78067958934972
United Kingdom,GBR,1994,30.821485359354725
United Kingdom,GBR,1995,31.006603997733738
United Kingdom,GBR,1996,32.452759557095085
United Kingdom,GBR,1997,33.44481320899916
United Kingdom,GBR,1998,34.677525816482486
United Kingdom,GBR,1999,35.38403522564588
United Kingdom,GBR,2000,37.872957246946335
United Kingdom,GBR,2001,39.35331950118569
United Kingdom,GBR,2002,39.79706513054654
United Kingdom,GBR,2003,40.70791590066861
United Kingdom,GBR,2004,39.5474009588224
United Kingdom,GBR,2005,40.407149910042605
United Kingdom,GBR,2006,42.57730014068785
United Kingdom,GBR,2007,43.54971141744567
United Kingdom,GBR,2008,40.677615052609326
United Kingdom,GBR,2009,41.29659307457086
United Kingdom,GBR,2010,40.99781646182394
United Kingdom,GBR,2011,40.791231338409865
United Kingdom,GBR,2012,40.76203760032196
United Kingdom,GBR,2013,41.678794022362815
United Kingdom,GBR,2014,42.05816414217179
United Kingdom,GBR,2015,42.169643274573694
United Kingdom,GBR,2016,44.66220385311968
United Kingdom,GBR,2017,44.99998787828684
United States,USA,1974,40.99005575805148
United States,USA,1979,44.937977701545314
United States,USA,1986,46.592329517209095
United States,USA,1991,47.58915999660757
United States,USA,1992,47.30437600879656
United States,USA,1993,46.677614794035655
United States,USA,1994,47.524746611422685
United States,USA,1995,47.96086360457765
United States,USA,1996,48.413067281908994
United States,USA,1997,49.62797682190052
United States,USA,1998,51.78268613008979
United States,USA,1999,52.77888689517058
United States,USA,2000,53.17704609831692
United States,USA,2001,52.88555093964997
United States,USA,2002,53.55032786786237
United States,USA,2003,53.78247745668868
United States,USA,2004,54.04834967813287
United States,USA,2005,54.37378274899213
United States,USA,2006,54.96836681362922
United States,USA,2007,55.27388651127435
United States,USA,2008,53.73125713753608
United States,USA,2009,54.228011179014366
United States,USA,2010,53.56978067641389
United States,USA,2011,53.21358515006739
United States,USA,2012,53.51340602397908
United States,USA,2013,53.18275234662904
United States,USA,2014,51.78317531263843
United States,USA,2015,54.42129354655259
United States,USA,2016,57.64062220854221
United States,USA,2017,58.49841591780822
United States,USA,2018,61.167260369690176
United States,USA,2019,65.04275499319839
Uruguay,URY,2006,12.698807419506869
Uruguay,URY,2007,13.717671077014751
Uruguay,URY,2008,15.523847470435983
Uruguay,URY,2009,16.656256798023847
Uruguay,URY,2010,16.896963634778203
Uruguay,URY,2011,19.201862732749877
Uruguay,URY,2012,20.067237983971086
Uruguay,URY,2013,20.783599583838576
Uruguay,URY,2014,22.0205764900392
Uruguay,URY,2015,22.413225142658742
Uruguay,URY,2016,22.016522991467337
Uruguay,URY,2017,22.86625548414717
Uruguay,URY,2018,22.304040245166277
Uruguay,URY,2019,21.99966804895009
Uruguay,URY,2020,20.3757115241052
Uruguay - urban,,1981,14.807195480411051
Uruguay - urban,,1989,16.069246185740734
Uruguay - urban,,1992,17.14760102229398
Uruguay - urban,,1995,17.67182242503449
Uruguay - urban,,1996,17.06949126409385
Uruguay - urban,,1997,17.037257038158103
Uruguay - urban,,1998,18.12872969443197
Uruguay - urban,,2000,17.145293943208276
Uruguay - urban,,2001,16.272412284818884
Uruguay - urban,,2002,14.42523529543224
Uruguay - urban,,2003,11.963973683423417
Uruguay - urban,,2004,12.13854362154861
Uruguay - urban,,2005,12.808138101135178
Uzbekistan,UZB,1998,1.7553147058622545
Uzbekistan,UZB,2000,1.2293736453257962
Uzbekistan,UZB,2002,1.3182890944766046
Uzbekistan,UZB,2003,1.2327034812645696
Vanuatu,VUT,2010,4.123767614772385
Vanuatu,VUT,2019,4.670875353946323
Venezuela,VEN,1981,9.183464449460716
Venezuela,VEN,1987,8.469599654789391
Venezuela,VEN,1989,9.79855116189144
Venezuela,VEN,1992,9.045120201490954
Venezuela,VEN,1995,6.69812899396448
Venezuela,VEN,1998,7.053497186006492
Venezuela,VEN,1999,6.393697815739933
Venezuela,VEN,2001,6.681185814876725
Venezuela,VEN,2002,5.420447771640003
Venezuela,VEN,2003,4.736764096950367
Venezuela,VEN,2004,5.356582069460527
Venezuela,VEN,2005,6.651656804389672
Venezuela,VEN,2006,8.49044910132201
Vietnam,VNM,1992,2.305934460531751
Vietnam,VNM,1997,2.990212419119071
Vietnam,VNM,2002,2.8247149525551625
Vietnam,VNM,2004,3.430758557114526
Vietnam,VNM,2006,3.9606403670998542
Vietnam,VNM,2008,4.252916805393609
Vietnam,VNM,2010,7.177704297903177
Vietnam,VNM,2012,7.964621464701813
Vietnam,VNM,2014,8.568848989399024
Vietnam,VNM,2016,9.84157196814214
Vietnam,VNM,2018,10.92196769782072
World,OWID_WRL,1990,2.95
World,OWID_WRL,1991,2.97
World,OWID_WRL,1992,3.02
World,OWID_WRL,1993,3.07
World,OWID_WRL,1994,3.13
World,OWID_WRL,1995,3.24
World,OWID_WRL,1996,3.33
World,OWID_WRL,1997,3.38
World,OWID_WRL,1998,3.39
World,OWID_WRL,1999,3.42
World,OWID_WRL,2000,3.55
World,OWID_WRL,2001,3.63
World,OWID_WRL,2002,3.79
World,OWID_WRL,2003,3.9
World,OWID_WRL,2004,4.1
World,OWID_WRL,2005,4.32
World,OWID_WRL,2006,4.49
World,OWID_WRL,2007,4.72
World,OWID_WRL,2008,4.88
World,OWID_WRL,2009,5.04
World,OWID_WRL,2010,5.35
World,OWID_WRL,2011,5.65
World,OWID_WRL,2012,5.88
World,OWID_WRL,2013,6.23
World,OWID_WRL,2014,6.45
World,OWID_WRL,2015,6.65
World,OWID_WRL,2016,6.85
World,OWID_WRL,2017,7.08
World,OWID_WRL,2018,7.4
World,OWID_WRL,2019,7.56
Yemen,YEM,1998,5.028545826798487
Yemen,YEM,2005,4.126021744035405
Yemen,YEM,2014,3.4357183332473484
Zambia,ZMB,1991,1.6473334672607898
Zambia,ZMB,1993,1.7063196519047743
Zambia,ZMB,1996,2.3304798670631324
Zambia,ZMB,1998,2.27759626793346
Zambia,ZMB,2002,1.930887692330608
Zambia,ZMB,2004,1.609219968419744
Zambia,ZMB,2006,1.4654100587449368
Zambia,ZMB,2010,1.3530842263175311
Zambia,ZMB,2015,1.57098072440521
Zimbabwe,ZWE,2011,3.798868178422396
Zimbabwe,ZWE,2017,2.8745577355596867
Zimbabwe,ZWE,2019,2.6548173884074147